Title,Note,URL,Tags,Cuisine,Latitude,Longitude,Visited,City,State,Type
Chome,,https://www.google.com/maps/place/Chome/data=!4m2!3m1!1s0x808f7f738799d151:0x6f84ecee6aed914d,,Japanese,37.7487281,-122.4215103,,San Francisco,CA,Restaurant
La Marcha Tapas Bar,,https://www.google.com/maps/place/La+Marcha+Tapas+Bar/data=!4m2!3m1!1s0x80857ec1e75a2565:0x18e96beacbeefbf5,,Spanish,37.7614,-122.3965,,,,Bar
Pizza Ponte,,https://www.google.com/maps/place/Pizza+Ponte/data=!4m2!3m1!1s0x80857e68a43ae401:0xd72dabc361f8fb56, Pizza,Italian,37.7622,-122.3964,,,,Restaurant
Mama's Boy,,https://www.google.com/maps/place/Mama's+Boy/data=!4m2!3m1!1s0x808f818be2f7967d:0x6e3b42ccab8b3e54, Pizza,Italian,37.8113,-122.2664,,Oakland,CA,Restaurant
Rintaro,,https://www.google.com/maps/place/Rintaro/data=!4m2!3m1!1s0x808f7e26791dc281:0xe147a1d9e33e11d4,,Japanese,37.7689,-122.4151,,San Francisco,CA,Restaurant
Hana Izumi,,https://www.google.com/maps/place/Hana+Izumi/data=!4m2!3m1!1s0x808f7716ce6fd605:0xe62ca9807fb68df8,,Japanese,37.5993,-122.3873,,Millbrae,CA,Restaurant
"InterContinental San Francisco, an IHG Hotel",Rooftop restaurant ,"https://www.google.com/maps/place/InterContinental+San+Francisco,+an+IHG+Hotel/data=!4m2!3m1!1s0x80858086da575917:0xead83531aa8f25bb",,,37.7818,-122.4047,,,,Hotel
Hilton San Francisco Union Square,Rooftop bar,https://www.google.com/maps/place/Hilton+San+Francisco+Union+Square/data=!4m2!3m1!1s0x8085808fa0472279:0x49345c4565f1667a,,,37.785734,-122.410437,,,,Hotel
San Francisco Marriott Marquis,Rooftop bar,https://www.google.com/maps/place/San+Francisco+Marriott+Marquis/data=!4m2!3m1!1s0x8085808636673e71:0xebc2cf7c5bf2d655,,,37.785426,-122.404493,,,,Hotel
Caffe Teatro,,https://www.google.com/maps/place/Caffe+Teatro/data=!4m2!3m1!1s0x808f80b183b3d067:0x3eaabdb7467e9240,,Italian,37.8056,-122.2713,,Oakland,CA,Café / Coffee
HINOYA,,https://www.google.com/maps/place/HINOYA/data=!4m2!3m1!1s0x60188e9e5250ca21:0x6db3554cd9b3c98e,,Japanese,35.6762,139.7395,,,,Restaurant
A16,,https://www.google.com/maps/place/A16/data=!4m2!3m1!1s0x80857de91dfe534d:0x346ad576c2aa0f36,,Italian,37.7614,-122.3965,,,,Restaurant
Poesia Café,,https://www.google.com/maps/place/Poesia+Caf%C3%A9/data=!4m2!3m1!1s0x8085810016a55223:0xf1a59a276c783aaf,,Café,37.7928,-122.3988,,,,Café / Coffee
San Tung,,https://www.google.com/maps/place/San+Tung/data=!4m2!3m1!1s0x8085875d83e10257:0x131f778c0e458770,,Chinese,37.7741,-122.4597,,,,Restaurant
Yodobashi Camera Shinjuku West Main Store,,https://www.google.com/maps/place/Yodobashi+Camera+Shinjuku+West+Main+Store/data=!4m2!3m1!1s0x60188cd13c14d187:0x30f936a044710fd5,,,35.689304,139.697779,,,,Restaurant
Yodobashi Akiba,,https://www.google.com/maps/place/Yodobashi+Akiba/data=!4m2!3m1!1s0x60188ea7d9cc4f19:0x7bb917c6708b7376,,,35.698784,139.774725,,,,Restaurant
Kemuri Japanese Barú,,https://www.google.com/maps/place/Kemuri+Japanese+Bar%C3%BA/data=!4m2!3m1!1s0x808fa24d1bc09227:0x1dc0af526beaee6,,Japanese,37.7779,-122.2755,,,,Bar
Everlane,,https://www.google.com/maps/place/Everlane/data=!4m2!3m1!1s0x808f7e22365aa02f:0x279df63f1c4d3bf4,,,40.722877,-73.994749,,,,Shop
Forage Kitchen - Event Space,,https://www.google.com/maps/place/Forage+Kitchen+-+Event+Space/data=!4m2!3m1!1s0x808f80ab68cd2b43:0x628a2676168a53c0,,,37.8147,-122.2672,,,,Restaurant
Sol Food,Sam was served a steak sandwich ,https://www.google.com/maps/place/Sol+Food/data=!4m2!3m1!1s0x80859aa87422b909:0x83d9fe9719bb8a36,,Puerto Rican,37.7849,-122.3895,,,,Restaurant
YAYOI Hillsdale,Yabe ,https://www.google.com/maps/place/YAYOI+Hillsdale/data=!4m2!3m1!1s0x808f9ff619a4dc5d:0x9e29772bc288e60a,,Japanese,37.5373,-122.3005,,,,Restaurant
Arquet Restaurant,,https://www.google.com/maps/place/Arquet+Restaurant/data=!4m2!3m1!1s0x808581002761e319:0xb47cd44ca8af437b,,Peruvian,37.7927,-122.3945,,,,Restaurant
Sforno Pizzeria Napoletana,Portafoglio pizza,https://www.google.com/maps/place/Sforno+Pizzeria+Napoletana/data=!4m2!3m1!1s0x8085817d587624ef:0x311117103b5ecadf,,Italian,37.7624,-122.3967,,,,Restaurant
Z & Y Restaurant,,https://www.google.com/maps/place/Z+%26+Y+Restaurant/data=!4m2!3m1!1s0x808580f4bbcfeb99:0x3e467f1b1d256432,,Sichuan,37.7927,-122.3986,,,,Restaurant
Bernal Cutlery,,https://www.google.com/maps/place/Bernal+Cutlery/data=!4m2!3m1!1s0x808f7e5bfe0b4d43:0x13c52491a71d9de0,,,37.795276,-122.393372,,,,Shop
Tokyo Cream,,https://www.google.com/maps/place/Tokyo+Cream/data=!4m2!3m1!1s0x80858771c315df75:0x9b67f33646ccbd62,,Japanese,37.7637585,-122.4778566,,San Francisco,CA,Ice Cream / Dessert
GADA,,https://www.google.com/maps/place/GADA/data=!4m2!3m1!1s0x808f7f00297c155f:0xc119147366ad470b,,Ethiopian,37.7629134,-122.4343726,,San Francisco,CA,Restaurant
Clio’s Books,,https://www.google.com/maps/place/Clio%E2%80%99s+Books/data=!4m2!3m1!1s0x808f87067681ab93:0x45332db5741e13a4,,,37.8072,-122.2589,,,,Shop
Deli Board,Sandwich,https://www.google.com/maps/place/Deli+Board/data=!4m2!3m1!1s0x80858083ba147b83:0x7f293054a3647a6,,Sandwiches,37.7776,-122.407,,San Francisco,CA,Restaurant
Fish.,,https://www.google.com/maps/place/Fish./data=!4m2!3m1!1s0x8085850475ffcf03:0x9a43256e5e3b4c13,,Seafood,37.8681,-122.4977,,Sausalito,CA,Restaurant
Roast & Toast Cafe,Booza ice cream,https://www.google.com/maps/place/Roast+%26+Toast+Cafe/data=!4m2!3m1!1s0x80857f20ff759041:0x1f9aaf7b2f876260,,Café,37.7624,-122.3962,,,,Café / Coffee
Bakesale Betty,,https://www.google.com/maps/place/Bakesale+Betty/data=!4m2!3m1!1s0x80857dedfca72801:0xc9891af5696244bc,,Bakery,37.7614,-122.3965,,,,Bakery
Cafe Noir,,https://www.google.com/maps/place/Cafe+Noir/data=!4m2!3m1!1s0x80857f007f720197:0x31deebbaf643e25b,,Café,37.7622,-122.3965,,,,Café / Coffee
Phoenix Hotel,,https://www.google.com/maps/place/Phoenix+Hotel/data=!4m2!3m1!1s0x80858090b9d04cef:0xbbf78c7fac97aa74,,Vietnamese,18.538017,73.910938,,,,Hotel
Uzuki,,https://www.google.com/maps/place/Uzuki/data=!4m2!3m1!1s0x89c25965763e5337:0x1615a7413420279e,,Japanese,40.7245,-73.9534,,,,Restaurant
La Cigale,,https://www.google.com/maps/place/La+Cigale/data=!4m2!3m1!1s0x808f7f000940f283:0xcf3245a76e60b5b5,,French,37.73434,-122.43344,,San Francisco,CA,Restaurant
Café Colucci,,https://www.google.com/maps/place/Caf%C3%A9+Colucci/data=!4m2!3m1!1s0x80857dd7382e4f01:0xeef404a132c138b8,,Ethiopian,37.7614,-122.3962,,,,Restaurant
Steep Ravine Trail,Hiking,https://www.google.com/maps/place/Steep+Ravine+Trail/data=!4m2!3m1!1s0x8085915d86ecb2a9:0x9cd8495c04511945,,,37.750078,-122.454812,,,,Park / Nature
Butter,Dancing,https://www.google.com/maps/place/Butter/data=!4m2!3m1!1s0x808f7e262f3caabd:0x1990bb2f6c360c43,,,32.525057,74.036393,,,,Restaurant
Tacos Guadalajara #2,,https://www.google.com/maps/place/Tacos+Guadalajara+%232/data=!4m2!3m1!1s0x808f876e723c611b:0xdedf22610ba14082,,Mexican,37.784027,-122.222969,,Oakland,CA,Restaurant
Safari West,,https://www.google.com/maps/place/Safari+West/data=!4m2!3m1!1s0x808440f548e59cb3:0x93f0b90485ffa2d7,,,38.557332,-122.695392,,,,Experience
Maple & Ash,Founded by same guys as Etta in Culver City,https://www.google.com/maps/place/Maple+%26+Ash/data=!4m2!3m1!1s0x872b0bbd42155555:0x9571ef97ccca92d4,,Steakhouse,34.0522,-118.2437,,,,Restaurant
Butterfly,Etta used to be here,https://www.google.com/maps/place/Butterfly/data=!4m2!3m1!1s0x80c2b981605aaaab:0xc7aba89f2216fffa,,American,32.7157,-117.1611,,,,Restaurant
Ratto's,,https://www.google.com/maps/place/Ratto's/data=!4m2!3m1!1s0x808f80b73da00df9:0x9e74eeede3ecec00,,Italian,37.8012,-122.2749,,Oakland,CA,Restaurant
Brother's Deli & Co,Sandwiches,https://www.google.com/maps/place/Brother's+Deli+%26+Co/data=!4m2!3m1!1s0x808f870033f5d039:0xc8fb658a0f40c0e1,,Sandwiches,37.8022774,-122.241391,,Oakland,CA,Restaurant
Oakland Secret,,https://www.google.com/maps/place/Oakland+Secret/data=!4m2!3m1!1s0x808f80b9b64bff25:0x63372c1ccf6c9b03,,Bar,37.8044,-122.2712,,,,Bar
The Kezar Pub,Wings,https://www.google.com/maps/place/The+Kezar+Pub/data=!4m2!3m1!1s0x808587516885bfc9:0xa0bd63d26122a20d,,American,37.7679,-122.453,,San Francisco,CA,Bar
Great Western Power Company,Climbing ,https://www.google.com/maps/place/Great+Western+Power+Company/data=!4m2!3m1!1s0x808f80adc4839389:0x65986509e72dca4c,,,37.809917,-122.270132,,,,Restaurant
Sidestreet Pho,,https://www.google.com/maps/place/Sidestreet+Pho/data=!4m2!3m1!1s0x808f86bdce9c341d:0xf54159e5c9e2e808,,Vietnamese,37.7628435,-122.2452604,,Alameda,CA,Restaurant
Red Bay Coffee,,https://www.google.com/maps/place/Red+Bay+Coffee/data=!4m2!3m1!1s0x808f8777c955058f:0x7448685fc38ec945,,Café,37.7761,-122.2279,,Oakland,CA,Café / Coffee
Monster Phở,,https://www.google.com/maps/place/Monster+Ph%E1%BB%9F/data=!4m2!3m1!1s0x80857dfbd0312461:0xf38bc4f7729045da,,Vietnamese,37.7614,-122.3962,,,,Restaurant
Sequoia Diner,,https://www.google.com/maps/place/Sequoia+Diner/data=!4m2!3m1!1s0x808f8647d89b15b5:0x9da7b9c3be928bca,,American,37.7918,-122.1992,,Oakland,CA,Restaurant
Millbrae Pancake House,,https://www.google.com/maps/place/Millbrae+Pancake+House/data=!4m2!3m1!1s0x808f779fcb767af1:0x98742526d7b2ff32,,American,37.5994,-122.3428,,,,Restaurant
Minto's Jamaican Restaurant & Bar,,https://www.google.com/maps/place/Minto's+Jamaican+Restaurant+%26+Bar/data=!4m2!3m1!1s0x808f8160da73b611:0xf22ba8f44dfce641,,Jamaican,37.8050726,-122.2697512,,Oakland,CA,Bar
Mare Island,,https://www.google.com/maps/place/Mare+Island/data=!4m2!3m1!1s0x8085749b7554e3ab:0xd7c2d6bbc34b0bca,,,38.092227,-122.270466,,,,Restaurant
Halal Burgers & More,,https://www.google.com/maps/place/Halal+Burgers+%26+More/data=!4m2!3m1!1s0x808f8760b05881a5:0xf976a530a686c03a,,Halal,37.8017562,-122.2641685,,Oakland,CA,Restaurant
House of Air Trampoline Park and Café,Snowboarding lessons,https://www.google.com/maps/place/House+of+Air+Trampoline+Park+and+Caf%C3%A9/data=!4m2!3m1!1s0x808586c2b1cac027:0x5280f52d96ade66f,,Café,37.8049,-122.4688,,,,Experience
Amboise,,https://www.google.com/maps/place/Amboise/data=!4m2!3m1!1s0x47fcb59a6f0f2835:0x40dc8d705389400,,French,48.8566,2.3522,,,,Restaurant
Phonobar,,https://www.google.com/maps/place/Phonobar/data=!4m2!3m1!1s0x80858098f4ed114d:0x768ab461f926e021,,Bar,37.778,-122.4229,,San Francisco,CA,Bar
Delah Coffee,,https://www.google.com/maps/place/Delah+Coffee/data=!4m2!3m1!1s0x808f81bb35f9ebb3:0x5d2ee4c18f456803,,Café,37.8118,-122.2672,,Oakland,CA,Café / Coffee
Burlap Coffee,,https://www.google.com/maps/place/Burlap+Coffee/data=!4m2!3m1!1s0x80857ddfa3c72e03:0x3d5d0f9dae76b516,,Café,37.7614,-122.3962,,,,Café / Coffee
Sakura Sushi,,https://www.google.com/maps/place/Sakura+Sushi/data=!4m2!3m1!1s0x8085982102dca92b:0xffac43d2039a23d1,,Japanese,48.840129,2.397154,,,,Restaurant
Awaken Cafe & Roasting,,https://www.google.com/maps/place/Awaken+Cafe+%26+Roasting/data=!4m2!3m1!1s0x808f80b3e5530421:0xfea43e05bbe50fb6,,Café,37.8036,-122.271,,,,Café / Coffee
Touch of Soul,,https://www.google.com/maps/place/Touch+of+Soul/data=!4m2!3m1!1s0x80857e6cc8f97905:0xa116ae096c362daf,,,37.829545,-122.278699,,,,Restaurant
927 Post St,,https://www.google.com/maps/place/927+Post+St/data=!4m2!3m1!1s0x808580915f9e3463:0x924945a826d0f07f,,,37.787048,-122.417179,,,,Restaurant
Mario's Butcher Shop,,https://www.google.com/maps/place/Mario's+Butcher+Shop/data=!4m2!3m1!1s0x80dcdf4b49873b39:0x3895c2b3e3ad0669,,,33.6522,-117.8577,,,,Market
The Wild Fox,,https://www.google.com/maps/place/The+Wild+Fox/data=!4m2!3m1!1s0x8085819e5a564a7f:0x2df9b5faaefad29e,,,37.792713,-122.400024,,,,Restaurant
The Gourmet Corner,French grocer,https://www.google.com/maps/place/The+Gourmet+Corner/data=!4m2!3m1!1s0x808f9de60936c6f1:0x2354f09fd37af08f,,French,21.034558,105.852107,,,,Restaurant
Maki Yaki OC,,https://www.google.com/maps/place/Maki+Yaki+OC/data=!4m2!3m1!1s0x80dcf05a3e28bf57:0x18c59bb94adf5c3c,,,33.4657,-117.6912,,,,Restaurant
El Mono | Fresh Flavors of Peru,,https://www.google.com/maps/place/El+Mono+%7C+Fresh+Flavors+of+Peru/data=!4m2!3m1!1s0x80857f5b81edf6df:0x781874de12519a1b,,Peruvian,37.9119,-122.3088,,,,Restaurant
Bi-Rite Creamery,,https://www.google.com/maps/place/Bi-Rite+Creamery/data=!4m2!3m1!1s0x808f7e183c2a5c87:0xf75bf92aa3d52296,,Dessert / Ice Cream,37.76157,-122.425662,,,,Ice Cream / Dessert
Dumpling Hours - Oakland,,https://www.google.com/maps/place/Dumpling+Hours+-+Oakland/data=!4m2!3m1!1s0x808f872d257e4de9:0x118124dca3214c31,,Chinese,37.811025,-122.243813,,,,Restaurant
Fog Harbor Fish House,Clam chowder,https://www.google.com/maps/place/Fog+Harbor+Fish+House/data=!4m2!3m1!1s0x808580fc8bb3211d:0x5a423e79bde2d7a6,,Seafood,37.809005,-122.410295,,,,Restaurant
Small Change Oyster Bar,,https://www.google.com/maps/place/Small+Change+Oyster+Bar/data=!4m2!3m1!1s0x80857d78523428f9:0x9a17c57933c219e1,,Seafood,37.836442,-122.262287,,,,Bar
Cali Alley,Sandwiches,https://www.google.com/maps/place/Cali+Alley/data=!4m2!3m1!1s0x80857ff87d535e17:0x5eb905d2b9c4fa1b,,Deli / Sandwiches,37.855627,-122.289418,,,,Restaurant
Habana Express Cuban Restaurant & Bakery,Cubano sandwich ,https://www.google.com/maps/place/Habana+Express+Cuban+Restaurant+%26+Bakery/data=!4m2!3m1!1s0x8085613bc38e8e5f:0x39489dc1b8d56cb0,,Deli / Sandwiches,37.948,-122.065,,,,Bakery
Littlest Little Italy,Italian Beef,https://www.google.com/maps/place/Littlest+Little+Italy/data=!4m2!3m1!1s0x808fcd3bb4b95d65:0x2d61f8f6d24d4fd4,,Italian,37.3393,-121.8986,,,,Restaurant
Trader Vic's,Originator of the Mai Tai,https://www.google.com/maps/place/Trader+Vic's/data=!4m2!3m1!1s0x80857e52547fad1f:0xe674ede86714fac6,,,25.326949,51.541063,,,,Restaurant
Heroic Italian Berkeley,,https://www.google.com/maps/place/Heroic+Italian+Berkeley/data=!4m2!3m1!1s0x80857f56e6d37747:0xc9311b028babba0e,,Italian,37.868199,-122.269256,,,,Restaurant
Dino the Cat,,https://www.google.com/maps/place/Dino+the+Cat/data=!4m2!3m1!1s0x808f870061d2e427:0x2cfc6ae104561bd0,,,34.71294,-76.624372,,,,Restaurant
G-Shock Soho Store,,https://www.google.com/maps/place/G-Shock+Soho+Store/data=!4m2!3m1!1s0x89c2598e76212ce3:0x23d6df987058fac4,,,40.7277,-74.0012,,,,Shop
AVN Tires & Alignments,,https://www.google.com/maps/place/AVN+Tires+%26+Alignments/data=!4m2!3m1!1s0x808f86eb2768d449:0x14e9889b22636737,,,37.7701,-122.248,,,,Restaurant
Bardo Lounge & Supper Club,,https://www.google.com/maps/place/Bardo+Lounge+%26+Supper+Club/data=!4m2!3m1!1s0x808f8731f4616d99:0xb5285973ee1dc3ee,,Bar,37.811107,-122.243539,,,,Bar
Imperial Soup,Slow-cooked noodle soup,https://www.google.com/maps/place/Imperial+Soup/data=!4m2!3m1!1s0x808f80b6059d4cbd:0xca61a49e0c22a9af,,,37.798983,-122.271739,,,,Restaurant
USS Constitution Museum,,https://www.google.com/maps/place/USS+Constitution+Museum/data=!4m2!3m1!1s0x89e370f4778a4f39:0xa5c2057045470ca5,,,42.373888,-71.055516,,,,Museum
Go Duck Yourself 去你鸭的,,https://www.google.com/maps/place/Go+Duck+Yourself+%E5%8E%BB%E4%BD%A0%E9%B8%AD%E7%9A%84/data=!4m2!3m1!1s0x808f7f006a98841f:0x6512ddf73f6c38c4,,Chinese,37.7393,-122.417,,,,Restaurant
Sundance The Steakhouse,Steak,https://www.google.com/maps/place/Sundance+The+Steakhouse/data=!4m2!3m1!1s0x808fbae72fee6969:0x999d3c7e6308a647,,Steakhouse,37.428569,-122.149665,,,,Restaurant
Niku Steakhouse,Steak,https://www.google.com/maps/place/Niku+Steakhouse/data=!4m2!3m1!1s0x808f7fb58675f6f5:0xcd611a1c2e023dfa,,Steakhouse,37.7695,-122.4064,,,,Restaurant
Harris' Restaurant - The San Francisco Steakhouse,Steak,https://www.google.com/maps/place/Harris'+Restaurant+-+The+San+Francisco+Steakhouse/data=!4m2!3m1!1s0x808580e9f67d1f2f:0xec7c31479005259b,,Steakhouse,37.795,-122.423,,,,Restaurant
Kirala,Japanese,https://www.google.com/maps/place/Kirala/data=!4m2!3m1!1s0x80857e80350aaa73:0xd4d404dc18f8a577,,Japanese,37.859325,-122.266846,,,,Restaurant
Sushi Park,Japanese,https://www.google.com/maps/place/Sushi+Park/data=!4m2!3m1!1s0x808f8709a1de941d:0x9a0d124b2fe7caf7,,Japanese,34.093897,-118.377706,,,,Restaurant
Manpuku,Japanese,https://www.google.com/maps/place/Manpuku/data=!4m2!3m1!1s0x80857dcde2275653:0x54d7325cfffc9064,,Japanese,48.853108,2.33779,,,,Restaurant
Shimizu Cuisine,Japanese,https://www.google.com/maps/place/Shimizu+Cuisine/data=!4m2!3m1!1s0x80857df6b0985cb7:0x1162155ca254bd24,,Japanese,37.828533,-122.249387,,,,Restaurant
Tada Ramen & Yakitori,Japanese,https://www.google.com/maps/place/Tada+Ramen+%26+Yakitori/data=!4m2!3m1!1s0x808f87005bbc2f33:0x5a0eccbe39166dab,,Japanese,37.814072,-122.246594,,,,Restaurant
Ippuku,Japanese,https://www.google.com/maps/place/Ippuku/data=!4m2!3m1!1s0x80857e9dc0edc2b9:0xea34c89c5e6ba8ee,,Japanese,35.747455,139.826857,,,,Restaurant
Ebiko,Japanese,https://www.google.com/maps/place/Ebiko/data=!4m2!3m1!1s0x80857d7016c21081:0xa49eee9a7eaa409b,,Japanese,37.789372,-122.397819,,,,Restaurant
Geta,Japanese,https://www.google.com/maps/place/Geta/data=!4m2!3m1!1s0x80857df76a4a4509:0xe9bfd5b4a72bbeaf,,Japanese,60.374016,19.849813,,,,Restaurant
Kiraku,Japanese,https://www.google.com/maps/place/Kiraku/data=!4m2!3m1!1s0x80857c2c1a627715:0x9a18e2d5d37d59d3,,Japanese,52.521804,13.403574,,,,Restaurant
Soba Ichi,Japanese,https://www.google.com/maps/place/Soba+Ichi/data=!4m2!3m1!1s0x80857f9d10fbddc1:0xc223efa369049bb5,,Japanese,37.817023,-122.285124,,,,Restaurant
PA'S PAPA JAPANESE RESTAURANT,Japanese,https://www.google.com/maps/place/PA'S+PAPA+JAPANESE+RESTAURANT/data=!4m2!3m1!1s0x808f8703a851db9f:0x8e63c78378832411,,Japanese,37.7905232,-122.1973976,,,,Restaurant
Mazda Classic Automobile Museum Frey,,https://www.google.com/maps/place/Mazda+Classic+Automobile+Museum+Frey/data=!4m2!3m1!1s0x479ebd46b976096b:0x9b20ccca29c9cc47,,,48.361,10.9132,,,,Museum
The Sacred Grounds Cafe,Cozy cafe,https://www.google.com/maps/place/The+Sacred+Grounds+Cafe/data=!4m2!3m1!1s0x8085874dbfba71cb:0x8b7e11d174b2bc09,,Café,33.738873,-118.287115,,,,Café / Coffee
La Promenade Café,Cozy cafe,https://www.google.com/maps/place/La+Promenade+Caf%C3%A9/data=!4m2!3m1!1s0x808587a5e684eb5d:0x49dd061e4ae0bd1e,,Café,37.775551,-122.49816,,,,Café / Coffee
Tosca Cafe,Until the end of the world,https://www.google.com/maps/place/Tosca+Cafe/data=!4m2!3m1!1s0x808580f48a4913db:0x26641a2229c22b86,,Café,45.443351,11.000489,,,,Café / Coffee
Tucker's Ice Cream,,https://www.google.com/maps/place/Tucker's+Ice+Cream/data=!4m2!3m1!1s0x808f86bdfcbd3f0f:0x43af68920752619e,,Dessert / Ice Cream,37.763833,-122.243348,,,,Ice Cream / Dessert
Bar 821,Rare amaros,https://www.google.com/maps/place/Bar+821/data=!4m2!3m1!1s0x808580b1b6793991:0x33f7ff9d575d396d,,Bar,37.777153,-122.438416,,,,Bar
Mitama,,https://www.google.com/maps/place/Mitama/data=!4m2!3m1!1s0x80857dc5687d3bab:0xb24d1204d3b01ff6,,,-11.383117,39.488285,,,,Restaurant
Riceful,,https://www.google.com/maps/place/Riceful/data=!4m2!3m1!1s0x80857db825a424a9:0x48a69ecf83fa220,,,37.867847,-122.259715,,,,Restaurant
Nippon Curry Berkeley,,https://www.google.com/maps/place/Nippon+Curry+Berkeley/data=!4m2!3m1!1s0x80857d0032aea559:0x74dc34a2a09d416e,,Japanese,37.868629,-122.258841,,,,Restaurant
Sun Moon Studio,NY Times list best restaurants 2025,https://www.google.com/maps/place/Sun+Moon+Studio/data=!4m2!3m1!1s0x80857f8bcb2b98d3:0x6aa4add8ef57dae2,,,37.814759,-122.286376,,,,Restaurant
Verjus,NY Times list best restaurants 2025,https://www.google.com/maps/place/Verjus/data=!4m2!3m1!1s0x8085812c80cb1f65:0xb19841bbfa99695e,,French,49.026349,6.297187,,,,Restaurant
Joodooboo,Food & Wine selection ,https://www.google.com/maps/place/Joodooboo/data=!4m2!3m1!1s0x80857f1d4794619b:0x435cb26d1b3b0b6f,,Korean,37.832525,-122.273717,,,,Restaurant
Ushi Taro Ramen Sunset,,https://www.google.com/maps/place/Ushi+Taro+Ramen+Sunset/data=!4m2!3m1!1s0x8085878887644989:0xcc373399cd87ee1f,,Japanese,37.756,-122.5006,,,,Restaurant
Tadich Grill,Cioppino,https://www.google.com/maps/place/Tadich+Grill/data=!4m2!3m1!1s0x8085806190d758a9:0x6af5b322c8347fe5,,American,37.79342,-122.399472,,,,Restaurant
Baja Cantina & Grill,Go during car week,https://www.google.com/maps/place/Baja+Cantina+%26+Grill/data=!4m2!3m1!1s0x808defa3f7160633:0x8e2506637a94073e,,American,36.533291,-121.850552,,,,Restaurant
Canepa,,https://www.google.com/maps/place/Canepa/data=!4m2!3m1!1s0x808e474ad6be6df9:0xdb5c753f675e8688,,,44.396073,9.117353,,,,Restaurant
Noisebridge,Free co-working,https://www.google.com/maps/place/Noisebridge/data=!4m2!3m1!1s0x808f7e23baa2b1df:0x81b913a252fb8d04,,,37.762434,-122.418659,,,,Restaurant
Mercedes-Benz Museum,,https://www.google.com/maps/place/Mercedes-Benz+Museum/data=!4m2!3m1!1s0x4799c4feda1ddf91:0xc166f4f1bffb4b94,,,48.788201,9.233992,,,,Museum
Noori Chicken,,https://www.google.com/maps/place/Noori+Chicken/data=!4m2!3m1!1s0x808f870077fd7b4d:0x6328416c78724e28,,,37.809072,-122.25531,,,,Restaurant
Pyeong Chang Tofu House Oakland 오클랜드 평창 순두부,,https://www.google.com/maps/place/Pyeong+Chang+Tofu+House+Oakland+%EC%98%A4%ED%81%B4%EB%9E%9C%EB%93%9C+%ED%8F%89%EC%B0%BD+%EC%88%9C%EB%91%90%EB%B6%80/data=!4m2!3m1!1s0x80857de188d10765:0x7fd9fe7483bb5e5a,,Korean,37.8316,-122.2665,,,,Restaurant
Shugetsu ramen,,https://www.google.com/maps/place/Shugetsu+ramen/data=!4m2!3m1!1s0x808fc10004941901:0x42ccef93b30c4ff9,,Japanese,48.200782,17.014575,,,,Restaurant
Ramen Shop,,https://www.google.com/maps/place/Ramen+Shop/data=!4m2!3m1!1s0x80857dc372123eab:0xb09a84cb2ea24603,,Japanese,40.784244,141.146953,,,,Restaurant
North Light,,https://www.google.com/maps/place/North+Light/data=!4m2!3m1!1s0x80857d885c87df5b:0x23d84cf6bd07309,,Café,37.83602,-122.262825,,,,Café / Coffee
Bishop Lake,,https://www.google.com/maps/place/Bishop+Lake/data=!4m2!3m1!1s0x80be2ee401b49e53:0x561e15e077518a13,,,46.012676,-86.820095,,,,Park / Nature
Mijori Japanese Restaurant,,https://www.google.com/maps/place/Mijori+Japanese+Restaurant/data=!4m2!3m1!1s0x808f874399823c97:0xaef0045f71f9e9c,,Japanese,37.8124455,-122.2471213,,,,Restaurant
Nick's Pizza and Bakery Made in Oakland,,https://www.google.com/maps/place/Nick's+Pizza+and+Bakery+Made+in+Oakland/data=!4m2!3m1!1s0x80857e7806fc753f:0x617a55fd6a393353,,Italian,37.844,-122.2622,,,,Bakery
Tofino,Road trip,https://www.google.com/maps/place/Tofino/data=!4m2!3m1!1s0x548990ccb0093843:0x331095695a741a35,,,49.152964,-125.904708,,,,Restaurant
Vasquez Rocks Natural Area and Nature Center,Star Trek filming location,https://www.google.com/maps/place/Vasquez+Rocks+Natural+Area+and+Nature+Center/data=!4m2!3m1!1s0x80c28aa2e0853473:0xe90a5b70501e8dd0,,,34.488538,-118.321558,,,,Park / Nature
Gymkhana,,https://www.google.com/maps/place/Gymkhana/data=!4m2!3m1!1s0x48760529e6f909b7:0xcd2c9e853caef302,,Mediterranean,51.508481,-0.141486,,,,Experience
The Bento House,,https://www.google.com/maps/place/The+Bento+House/data=!4m2!3m1!1s0x808f80b7158e1f01:0x6ef37cb6656bd21f,,Japanese,37.8010317,-122.2750562,,,,Restaurant
K Banchan x Vons chicken,,https://www.google.com/maps/place/K+Banchan+x+Vons+chicken/data=!4m2!3m1!1s0x80857da588342fe9:0xcde6676bddb623a5,,Korean,37.8296,-122.2648,,,,Restaurant
AFURI IZAKAYA SE PORTLAND,,https://www.google.com/maps/place/AFURI+IZAKAYA+SE+PORTLAND/data=!4m2!3m1!1s0x5495a0a094b89733:0x5f6c350793c662f5,,Japanese,45.5179,-122.6601,,,,Restaurant
Deutsches Zweirad- und NSU-Museum,Auto museum,https://www.google.com/maps/place/Deutsches+Zweirad-+und+NSU-Museum/data=!4m2!3m1!1s0x479825d0bee4fb8f:0x6084b7f76b1cec18,,,49.1916,9.2224,,,,Museum
The Anchovy Bar,,https://www.google.com/maps/place/The+Anchovy+Bar/data=!4m2!3m1!1s0x8085819e63eb5837:0x79ef4c26beeb2038,,Seafood,37.7787,-122.4135,,,,Bar
Ken's Artisan Pizza,Recommend by server at Bamboo Sushi (next door). Great pizza place.,https://www.google.com/maps/place/Ken's+Artisan+Pizza/data=!4m2!3m1!1s0x5495a0be1546ebc9:0x832e41ac3be7a500,,Japanese,45.520604,-122.637156,,,,Restaurant
Momoyama restaurant,Recommended by server at Bamboo Sushi,https://www.google.com/maps/place/Momoyama+restaurant/data=!4m2!3m1!1s0x549509ff013e479f:0xb463368a1f95bf5f,,Japanese,38.893186,-77.013462,,,,Restaurant
THE DEN,,https://www.google.com/maps/place/THE+DEN/data=!4m2!3m1!1s0x54950b618a5f774d:0x6faddda29c309a91,,,51.485966,-0.05091,,,,Restaurant
32nd Avenue TARDIS Library,,https://www.google.com/maps/place/32nd+Avenue+TARDIS+Library/data=!4m2!3m1!1s0x5495a0956b959c55:0xe7bc4bacdf228ed8,,,45.5044,-122.6267,,,,Library
Arc'teryx Portland Store,,https://www.google.com/maps/place/Arc'teryx+Portland+Store/data=!4m2!3m1!1s0x549509f122d12bdb:0xc5e96f8664a4f183,,,45.5297,-122.6987,,,,Shop
Fort Clatsop,,https://www.google.com/maps/place/Fort+Clatsop/data=!4m2!3m1!1s0x54ead8fdee7c0001:0x5fc1df035029d5a1,,,43.439192,-86.197897,,,,Park / Nature
Data's House,,https://www.google.com/maps/place/Data's+House/data=!4m2!3m1!1s0x54937b006f2f7f3b:0x85e4f428946d8427,,,25.193308,55.281912,,,,Restaurant
South Bay Wild Fish House,,https://www.google.com/maps/place/South+Bay+Wild+Fish+House/data=!4m2!3m1!1s0x54937b8c64beeb93:0x3eeb2503f4aff3cb,,Seafood,46.189301,-123.833583,,,,Restaurant
Baby Doll Pizza,,https://www.google.com/maps/place/Baby+Doll+Pizza/data=!4m2!3m1!1s0x5495a095f7a03a3d:0x3288d75ae0340e95,,Italian,45.519421,-122.63654,,,,Restaurant
Oregon Rail Heritage Center,,https://www.google.com/maps/place/Oregon+Rail+Heritage+Center/data=!4m2!3m1!1s0x54950a73d3fa720b:0x2f4bae219ba35425,,,45.507222,-122.661543,,,,Museum
Coquine,,https://www.google.com/maps/place/Coquine/data=!4m2!3m1!1s0x5495a0fe6dd39b8f:0x4e86b63a51f5f869,,,46.827546,-0.164285,,,,Restaurant
Nicholas Restaurant Lebanese and Mediterranean Cuisine,,https://www.google.com/maps/place/Nicholas+Restaurant+Lebanese+and+Mediterranean+Cuisine/data=!4m2!3m1!1s0x5495a0a6459996b7:0x85487e1fc1dd102a,,Mediterranean,45.5151,-122.6634,,,,Restaurant
South Waterfront,,https://www.google.com/maps/place/South+Waterfront/data=!4m2!3m1!1s0x54950a5d8d3f5d29:0xa5119b7787b61c1b,,,45.4958,-122.670171,,,,Park / Nature
Cason’s Fine Meats,,https://www.google.com/maps/place/Cason%E2%80%99s+Fine+Meats/data=!4m2!3m1!1s0x5495a7fa4f028a6f:0xa8859a39e986e29e,,,45.5554,-122.6636,,,,Restaurant
Dan & Louis Oyster Bar,,https://www.google.com/maps/place/Dan+%26+Louis+Oyster+Bar/data=!4m2!3m1!1s0x54950a072296e291:0x65682a2adce3c8f7,,Seafood,45.522445,-122.672517,,,,Bar
Grits N' Gravy,,https://www.google.com/maps/place/Grits+N'+Gravy/data=!4m2!3m1!1s0x54950bc6928e12a5:0xf5fcd9972c320533,,,45.522174,-122.677167,,,,Restaurant
Pendleton Home Store,,https://www.google.com/maps/place/Pendleton+Home+Store/data=!4m2!3m1!1s0x54950a0106059991:0xb6b7c52456cbc274,,,45.5232,-122.6773,,,,Restaurant
Self Edge,,https://www.google.com/maps/place/Self+Edge/data=!4m2!3m1!1s0x54950a03ba95f6ed:0xb0930ba46a489df8,,,40.72093,-73.988926,,,,Shop
Jacqueline,,https://www.google.com/maps/place/Jacqueline/data=!4m2!3m1!1s0x54950a7881d1eec3:0xf5c2d00e37e314a6,,French,4.609693,-74.163977,,,,Restaurant
Pine State Biscuits | NW 23rd,,https://www.google.com/maps/place/Pine+State+Biscuits+%7C+NW+23rd/data=!4m2!3m1!1s0x549509cfae5715a5:0xb057d7f332174b9c,,Bakery,45.534912,-122.699024,,,,Bakery
Huber's Cafe,,https://www.google.com/maps/place/Huber's+Cafe/data=!4m2!3m1!1s0x54950a0678ec2433:0xa16ab91c11362c40,,Café,46.674593,11.156977,,,,Café / Coffee
Olympia Provisions,,https://www.google.com/maps/place/Olympia+Provisions/data=!4m2!3m1!1s0x5495a0a780893b0f:0x101149f3678b215f,,,45.518781,-122.663986,,,,Restaurant
kann,,https://www.google.com/maps/place/kann/data=!4m2!3m1!1s0x5495a130bb5f4721:0x4419632ee1cc977a,,Caribbean,45.521391,-122.65993,,,,Restaurant
Rose City Food Park,Food pods,https://www.google.com/maps/place/Rose+City+Food+Park/data=!4m2!3m1!1s0x5495a12f30a2ae03:0xf6862609644df9a5,,Market / Food Hall,45.540577,-122.609384,,,,Market
Third Avenue Food Cart Pod,,https://www.google.com/maps/place/Third+Avenue+Food+Cart+Pod/data=!4m2!3m1!1s0x54950a067768f773:0x91cda28425ebe45e,,Market / Food Hall,45.5168,-122.6523,,,,Market
CARTOPIA FOOD CARTS,,https://www.google.com/maps/place/CARTOPIA+FOOD+CARTS/data=!4m2!3m1!1s0x5495a09fbbf35df5:0xd031ed8c14aa249d,,Market / Food Hall,45.512493,-122.65338,,,,Market
Hawthorne Asylum Food Cart Pod,,https://www.google.com/maps/place/Hawthorne+Asylum+Food+Cart+Pod/data=!4m2!3m1!1s0x5495a197258c7fbf:0x5df94a05d101627,,Market / Food Hall,45.5128,-122.6553,,,,Market
Sellwood Corner Food Carts,Food pods,https://www.google.com/maps/place/Sellwood+Corner+Food+Carts/data=!4m2!3m1!1s0x54950adcac40c62d:0x11ef8912f7e1f02,,Market / Food Hall,45.467363,-122.653272,,,,Market
Mississippi Marketplace,Food pods ,https://www.google.com/maps/place/Mississippi+Marketplace/data=!4m2!3m1!1s0x5495a76ca002b1b7:0xc82eae6c323d1907,,Market / Food Hall,39.710933,-91.3569,,,,Market
Never Coffee,Coffee,https://www.google.com/maps/place/Never+Coffee/data=!4m2!3m1!1s0x54950b932fcf87e9:0xcb6b31ed4bd8fb7,,Café,45.516782,-122.618729,,,,Café / Coffee
Forest Park,,https://www.google.com/maps/place/Forest+Park/data=!4m2!3m1!1s0x549508625bfff2bb:0x756139b66bc75974,,,41.879499,-87.8137,,,,Park / Nature
Angel's Rest Trailhead,,https://www.google.com/maps/place/Angel's+Rest+Trailhead/data=!4m2!3m1!1s0x549595339dafa69f:0x6621664f132063e4,,,45.560648,-122.172327,,,,Park / Nature
Latourell Falls,,https://www.google.com/maps/place/Latourell+Falls/data=!4m2!3m1!1s0x549594381efbd86d:0x619be41af91e6535,,,45.537049,-122.218001,,,,Park / Nature
Wahclella Falls,,https://www.google.com/maps/place/Wahclella+Falls/data=!4m2!3m1!1s0x5495e893d2919b8b:0x361c0fedc9e6b090,,,45.618178,-121.951405,,,,Park / Nature
Athenian Deli and Cafe,,https://www.google.com/maps/place/Athenian+Deli+and+Cafe/data=!4m2!3m1!1s0x808f80ad41d16997:0xf0a4c81bbf319cb7,,Deli / Sandwiches,37.810384,-122.266789,,,,Café / Coffee
Mother Tongue Cafe & Bar,,https://www.google.com/maps/place/Mother+Tongue+Cafe+%26+Bar/data=!4m2!3m1!1s0x80857ffe12b40747:0x51299bc88a3a8932,,Café,37.8287,-122.256396,,,,Bar
Strentzel-Muir House,,https://www.google.com/maps/place/Strentzel-Muir+House/data=!4m2!3m1!1s0x808565006eecc169:0xa9591822d6bf818,,,37.9938,-122.0818,,,,Restaurant
John Muir National Historic Site,,https://www.google.com/maps/place/John+Muir+National+Historic+Site/data=!4m2!3m1!1s0x8085650aee9f272d:0x5368373faad47a63,,,37.991348,-122.132237,,,,Restaurant
Multnomah Falls,,https://www.google.com/maps/place/Multnomah+Falls/data=!4m2!3m1!1s0x5495eb1e945a5877:0x1eeaf88627083bc6,,,45.575952,-122.115187,,,,Park / Nature
Vista House at Crown Point,,https://www.google.com/maps/place/Vista+House+at+Crown+Point/data=!4m2!3m1!1s0x549595d331b13b2d:0x4c72a4fe3cf86bdb,,,45.539,-122.2435,,,,Park / Nature
Khatan Sushi,,https://www.google.com/maps/place/Khatan+Sushi/data=!4m2!3m1!1s0x808f817f0206d35b:0x4d9ae37d39a1ebf9,,Japanese,37.803581,-122.268878,,,,Restaurant
Yonsei Handrolls - Oakland,,https://www.google.com/maps/place/Yonsei+Handrolls+-+Oakland/data=!4m2!3m1!1s0x808f8166cf4a4881:0x76a43dbdc729deb8,,Japanese,37.807538,-122.269922,,,,Restaurant
Mid Century Monster,Sly and the Family Stone cover photographed here,https://www.google.com/maps/place/Mid+Century+Monster/data=!4m2!3m1!1s0x808f87c224174501:0xb96f648642b10704,,Sculpture,37.807018,-122.260611,,,,Shop
Nonnas of the World,,https://www.google.com/maps/place/Nonnas+of+the+World/data=!4m2!3m1!1s0x89c24e2d2c37a5e1:0x330ab12b954d84e3,,,40.6419968,-74.077292,,,,Restaurant
Halifax,Lobster ,https://www.google.com/maps/place/Halifax/data=!4m2!3m1!1s0x4b5a211407dbfac1:0x666be3a6438b2ddc,,Seafood,44.648618,-63.585949,,,,Restaurant
Koko's Middle Eastern,Phil recommended,https://www.google.com/maps/place/Koko's+Middle+Eastern/data=!4m2!3m1!1s0x80c299ee8d60b5c1:0xb3a8aa7f012b1ba7,,Mediterranean,34.1914,-118.4785,,,,Restaurant
Café Tropical,,https://www.google.com/maps/place/Caf%C3%A9+Tropical/data=!4m2!3m1!1s0x80c2c73fb1ba2491:0xd48c1af49d81f432,,Café,-21.790043,-48.176416,,,,Café / Coffee
The Chori-Man,,https://www.google.com/maps/place/The+Chori-Man/data=!4m2!3m1!1s0x80dd37d57f8c113d:0x9e877d49caab5acb,,,33.7231981,-118.2991163,,,,Restaurant
Toronado,,https://www.google.com/maps/place/Toronado/data=!4m2!3m1!1s0x808580a6ea6473b5:0x1328e38b2ba07730,,Bar,37.77191,-122.431222,,,,Bar
Angel Island,,https://www.google.com/maps/place/Angel+Island/data=!4m2!3m1!1s0x808583ecde6e1bd5:0x1962287fefef4462,,,37.862338,-122.430893,,,,Park / Nature
Prescott Market West Oakland,,https://www.google.com/maps/place/Prescott+Market+West+Oakland/data=!4m2!3m1!1s0x80857f00478fdeb5:0xa5b7452dde065a5f,,Market / Food Hall,37.81469,-122.292405,,,,Market
Bar 355,,https://www.google.com/maps/place/Bar+355/data=!4m2!3m1!1s0x808f80b31fcfd447:0x5fb7d2b7ff6c9d28,,Bar,42.097974,19.095453,,,,Bar
understory oakland,,https://www.google.com/maps/place/understory+oakland/data=!4m2!3m1!1s0x808f80b746fa8aed:0xca7a4b05e4936d62,,Bar,37.801065,-122.275567,,,,Bar
The Cheesecake Factory,Great views,https://www.google.com/maps/place/The+Cheesecake+Factory/data=!4m2!3m1!1s0x8085808f2be4e31b:0x2490fd459baf6ec5,,,19.403041,-99.155268,,,,Restaurant
Top of the Mark,,https://www.google.com/maps/place/Top+of+the+Mark/data=!4m2!3m1!1s0x8085808d06b554a7:0x8897bfdc54a00b7b,,Bar,37.791624,-122.410408,,,,Bar
Shannon Arms Irish Pub,,https://www.google.com/maps/place/Shannon+Arms+Irish+Pub/data=!4m2!3m1!1s0x808f7d919c33a191:0xe8e3b3f6dbc248eb,,Bar,37.7428384,-122.4759924,,,,Bar
Durty Nelly's,,https://www.google.com/maps/place/Durty+Nelly's/data=!4m2!3m1!1s0x808587705c44cbe9:0xfe4c52a219f9924d,,Vietnamese,39.94454,116.456743,,,,Bar
Casements Bar,Guinness,https://www.google.com/maps/place/Casements+Bar/data=!4m2!3m1!1s0x808f7f9c27ba6be7:0xc95027968f5bb113,,Bar,37.75943,-122.418987,,,,Bar
Terra Cotta Warrior,,https://www.google.com/maps/place/Terra+Cotta+Warrior/data=!4m2!3m1!1s0x80858777993a6ec9:0x982baf995f869d4,,,37.761029,-122.489572,,,,Restaurant
Kachka,Make a reservation in advance,https://www.google.com/maps/place/Kachka/data=!4m2!3m1!1s0x5495a0a7485bfdcd:0x859a3a4e9e7497eb,,Eastern European,45.76983,4.83397,,,,Restaurant
Palm House,,https://www.google.com/maps/place/Palm+House/data=!4m2!3m1!1s0x808580dade6c7db5:0xbc1d9e7da4cc10f1,,Bar,43.661688,-79.374946,,,,Bar
Tadaima,,https://www.google.com/maps/place/Tadaima/data=!4m2!3m1!1s0x808f7f006051b67b:0x1101322ed8b8c7ec,,,40.657257,-74.007474,,,,Restaurant
Nakama Sushi,,https://www.google.com/maps/place/Nakama+Sushi/data=!4m2!3m1!1s0x808581964f8ebca5:0x5811d5b6aed39cad,,Japanese,37.774823,-122.421026,,,,Restaurant
Starbread Bakery,,https://www.google.com/maps/place/Starbread+Bakery/data=!4m2!3m1!1s0x808f7bd3773fbae9:0x69d71223336a48db,,Bakery,32.630201,-117.089637,,,,Bakery
The 500 Club,,https://www.google.com/maps/place/The+500+Club/data=!4m2!3m1!1s0x808f7e22826d12d3:0xcfcb7fe39e5f49dc,,Bar,35.746028,-80.871519,,,,Bar
Dumpling House,Recommend by a guy at NASA,https://www.google.com/maps/place/Dumpling+House/data=!4m2!3m1!1s0x808f7fd34fa2d689:0x6bcf75d3b93ece33,,Chinese,40.694228,-73.849934,,,,Restaurant
Saru Handroll Bar,,https://www.google.com/maps/place/Saru+Handroll+Bar/data=!4m2!3m1!1s0x808580e9afad01b1:0xbc37b2cc5e287ccc,,Japanese,37.7518,-122.4277,,,,Bar
Roma Antica,,https://www.google.com/maps/place/Roma+Antica/data=!4m2!3m1!1s0x808580d6a05e160d:0xa809b3c1f3ec44c3,,Italian,41.891981,12.506072,,,,Restaurant
Côte Ouest Bistro,,https://www.google.com/maps/place/C%C3%B4te+Ouest+Bistro/data=!4m2!3m1!1s0x8085818495032bd9:0x788c71e7fb7a5536,,French,37.798343,-122.446079,,,,Restaurant
HalalStreet Hot Pot & Cuisine | Newark,,https://www.google.com/maps/place/HalalStreet+Hot+Pot+%26+Cuisine+%7C+Newark/data=!4m2!3m1!1s0x808fc160c6bb875b:0x9cc8190e7926f92b,,Chinese,37.5234,-121.9916,,,,Restaurant
New Taraval Cafe,,https://www.google.com/maps/place/New+Taraval+Cafe/data=!4m2!3m1!1s0x808f7d91b34e2c85:0x7ad4c08b0b9d7d5f,,Café,37.743099,-122.477712,,,,Café / Coffee
Firenze By Night,Recommended by someone from Italy. Known for gnocchi,https://www.google.com/maps/place/Firenze+By+Night/data=!4m2!3m1!1s0x808580f3d90053c7:0xd6cf8f0caca8fcd,,Italian,37.798894,-122.409032,,,,Restaurant
Flour + Water,,https://www.google.com/maps/place/Flour+%2B+Water/data=!4m2!3m1!1s0x808f7e375e82560d:0x672c242d518603e0,,Italian,37.758927,-122.41238,,,,Bakery
Tupper & Reed,,https://www.google.com/maps/place/Tupper+%26+Reed/data=!4m2!3m1!1s0x80857e9d0fe4b989:0xad545714a6bfa5e8,,,37.868139,-122.267548,,,,Restaurant
Fish & Bird Sousaku Izakaya,,https://www.google.com/maps/place/Fish+%26+Bird+Sousaku+Izakaya/data=!4m2!3m1!1s0x80857f19b36c5b49:0x50cabf07a8975eda,,Japanese,37.864796,-122.26714,,,,Restaurant
Surisan,Get the Jook,https://www.google.com/maps/place/Surisan/data=!4m2!3m1!1s0x808580e3ef0f755d:0xcff30a7ad296edbf,,Chinese,37.35042,126.925558,,,,Restaurant
Lovejoy's Tea Room,,https://www.google.com/maps/place/Lovejoy's+Tea+Room/data=!4m2!3m1!1s0x808f7e6b1e6366d7:0x8cda28e7b875a1fc,,Café,37.749208,-122.42706,,,,Café / Coffee
Pied Piper,,https://www.google.com/maps/place/Pied+Piper/data=!4m2!3m1!1s0x808580881f0c9dd7:0x2d72334c8807500b,,,37.788178,-122.402435,,,,Restaurant
Ghirardelli Ice Cream & Chocolate Shop,,https://www.google.com/maps/place/Ghirardelli+Ice+Cream+%26+Chocolate+Shop/data=!4m2!3m1!1s0x808580883b3cfa79:0xabacfb1b21edf745,,Dessert / Ice Cream,37.805809,-122.422409,,,,Ice Cream / Dessert
GC Lounge,,https://www.google.com/maps/place/GC+Lounge/data=!4m2!3m1!1s0x808580881b167e93:0x6887e329934e34c8,,Bar,28.743145,-13.865344,,,,Bar
"Palace Hotel, a Luxury Collection Hotel, San Francisco",,"https://www.google.com/maps/place/Palace+Hotel,+a+Luxury+Collection+Hotel,+San+Francisco/data=!4m2!3m1!1s0x808580881f0c9dd7:0xbe09e1083f7d7fcb",,,37.7878,-122.4004,,,,Hotel
Fort Funston,,https://www.google.com/maps/place/Fort+Funston/data=!4m2!3m1!1s0x808f7d04948d3c6b:0x2c5b494bcda94ecc,,,37.719104,-122.503299,,,,Park / Nature
National Museum of the US Air Force,,https://www.google.com/maps/place/National+Museum+of+the+US+Air+Force/data=!4m2!3m1!1s0x8840832fc83ffd85:0x71e29a127c5a32c9,,,39.7801,-84.1059,,,,Museum
Patuxent River Naval Air Museum,,https://www.google.com/maps/place/Patuxent+River+Naval+Air+Museum/data=!4m2!3m1!1s0x89b761fb9115cd15:0x996b4c5f085fc8d1,,,38.276341,-76.463249,,,,Museum
Chabot Space & Science Center,,https://www.google.com/maps/place/Chabot+Space+%26+Science+Center/data=!4m2!3m1!1s0x808f862b98ee2833:0xd5fe4b8bf9d24c03,,,37.818463,-122.180687,,,,Museum
Top Gear Track Experience,,https://www.google.com/maps/place/Top+Gear+Track+Experience/data=!4m2!3m1!1s0x4875c5ecaee3991d:0x37c2646794f5d6ed,,,51.115,-0.534,,,,Experience
Homeroom To Go,,https://www.google.com/maps/place/Homeroom+To+Go/data=!4m2!3m1!1s0x80857dfc9441bcad:0x10e47059c52c5aec,,American,37.828745,-122.260906,,,,Restaurant
3748-3898 Lake County Hwy,,https://www.google.com/maps/place/3748-3898+Lake+County+Hwy/data=!4m2!3m1!1s0x808469dd1dda2d4b:0xbfe5c2cdc4024efa,,,38.6320893,-122.6025711,,,,Park / Nature
Mariposas,Peruvian (new 2025),https://www.google.com/maps/place/Mariposas/data=!4m2!3m1!1s0x80858107ded0d85f:0x2c54ce56d778802d,,Peruvian,-35.529335,-71.42151,,,,Restaurant
El Porteño II Restaurant & Bar,Peruvian,https://www.google.com/maps/place/El+Porte%C3%B1o+II+Restaurant+%26+Bar/data=!4m2!3m1!1s0x808f7f1f726562b9:0xe8f33a1590e32020,,Peruvian,37.7586,-122.4189,,,,Bar
Dohatsuten Ramen & Tapas,,https://www.google.com/maps/place/Dohatsuten+Ramen+%26+Tapas/data=!4m2!3m1!1s0x808fba126b705305:0x895dc7209856f850,,Japanese,37.4204,-122.1022,,,,Restaurant
Puesto Mission Valley,,https://www.google.com/maps/place/Puesto+Mission+Valley/data=!4m2!3m1!1s0x80d9552316c55555:0xb116d9dc0185796a,,Mexican,32.7685,-117.1498,,,,Restaurant
Mumu Hot Pot,,https://www.google.com/maps/place/Mumu+Hot+Pot/data=!4m2!3m1!1s0x808f7dda21e6f2a5:0xc2b5233d7f70c2f,,Chinese,37.7204,-122.4769,,,,Restaurant
Shabu Club,,https://www.google.com/maps/place/Shabu+Club/data=!4m2!3m1!1s0x808587162b94c623:0x1d3ba3ebed51d6ea,,Japanese,37.782582,-122.469622,,,,Restaurant
Morcom Rose Garden,,https://www.google.com/maps/place/Morcom+Rose+Garden/data=!4m2!3m1!1s0x808f875c3d3c9317:0x6748d8a0918455d3,,,37.82037,-122.247023,,,,Park / Nature
Tony’s Coal Fired Pizza & Slice House,,https://www.google.com/maps/place/Tony%E2%80%99s+Coal+Fired+Pizza+%26+Slice+House/data=!4m2!3m1!1s0x808580f112dc711d:0xd142b7901abd9d7f,,Italian,37.800236,-122.409036,,,,Restaurant
Huangcheng Noodle House 山西刀削面,,https://www.google.com/maps/place/Huangcheng+Noodle+House+%E5%B1%B1%E8%A5%BF%E5%88%80%E5%89%8A%E9%9D%A2/data=!4m2!3m1!1s0x808f813221455917:0xd1015aecb803bd70,,Chinese,37.8014,-122.2716,,,,Restaurant
The Royal Oak,James May’s pub,https://www.google.com/maps/place/The+Royal+Oak/data=!4m2!3m1!1s0x4873c636488b9f95:0x197a142ffe187cf,,,51.529534,-0.06931,,,,Restaurant
Mini Cat Town,,https://www.google.com/maps/place/Mini+Cat+Town/data=!4m2!3m1!1s0x808fcfce9979774d:0xa35235990bc3e6e4,,,37.3258,-121.81318,,,,Restaurant
Donn's Depot,,https://www.google.com/maps/place/Donn's+Depot/data=!4m2!3m1!1s0x8644b53ffd696919:0xe8353edb1288ec75,,,30.27407,-97.763434,,,,Restaurant
Hermosa Beach Pier,,https://www.google.com/maps/place/Hermosa+Beach+Pier/data=!4m2!3m1!1s0x80c2b3779c8b4865:0x96fecc82c096f48a,,,33.86156,-118.403663,,,,Park / Nature
Friends & Family,,https://www.google.com/maps/place/Friends+%26+Family/data=!4m2!3m1!1s0x808f8166edf72075:0x71e7d96636ebed31,,Café,55.757757,37.40582,,,,Café / Coffee
Oma San Francisco Station,Omakase,https://www.google.com/maps/place/Oma+San+Francisco+Station/data=!4m2!3m1!1s0x808581854c11b1c1:0xe946a4982b9b02b1,,Japanese,37.785003,-122.431068,,,,Restaurant
Yoshi's,,https://www.google.com/maps/place/Yoshi's/data=!4m2!3m1!1s0x808f80c78c8d21c7:0x97d406c1dd46c63e,,,52.470887,-1.89518,,,,Restaurant
Hook Fish Co,,https://www.google.com/maps/place/Hook+Fish+Co/data=!4m2!3m1!1s0x8085878fa186581b:0x822793974e4c73f9,,Seafood,37.762389,-122.506864,,,,Restaurant
ONE65 San Francisco,"French, and Michelin Star",https://www.google.com/maps/place/ONE65+San+Francisco/data=!4m2!3m1!1s0x80858187385615cf:0xb07c54ded372d648,,French,37.786203,-122.407328,,,,Restaurant
Apna Chulha,,https://www.google.com/maps/place/Apna+Chulha/data=!4m2!3m1!1s0x808f7f0054bb804f:0x3bf4c427ecaa6ce4,,Indian,37.764041,-122.421963,,,,Restaurant
Evergreen Aviation & Space Museum,,https://www.google.com/maps/place/Evergreen+Aviation+%26+Space+Museum/data=!4m2!3m1!1s0x54954f522bd317f5:0xcf98b5bc38f4befc,,,45.203793,-123.142917,,,,Museum
Almanac West Oakland Clubhouse,,https://www.google.com/maps/place/Almanac+West+Oakland+Clubhouse/data=!4m2!3m1!1s0x80857f003552a9e7:0x25b88f69c921228b,,Brewery / Bar,37.8146,-122.2925,,,,Brewery
Heath Newsstand,,https://www.google.com/maps/place/Heath+Newsstand/data=!4m2!3m1!1s0x808f7e308e3106d3:0xe9f97e37f730df70,,Café,37.7618,-122.4186,,,,Shop
Alvarado Staging Area,Hiking the hills,https://www.google.com/maps/place/Alvarado+Staging+Area/data=!4m2!3m1!1s0x8085782917a3c145:0xa2a8915e5f1280fd,,,37.952197,-122.315518,,,,Park / Nature
Caffe Greco,,https://www.google.com/maps/place/Caffe+Greco/data=!4m2!3m1!1s0x808580f3de0660e1:0xe63bbbda3582b728,,Café,35.683185,-105.933257,,,,Café / Coffee
Yojimbo,Chicken teriyaki,https://www.google.com/maps/place/Yojimbo/data=!4m2!3m1!1s0x808f86bdac3c43cf:0x8c25a15e06de5658,,,41.905861,-87.642689,,,,Restaurant
Willow Springs International Raceway,,https://www.google.com/maps/place/Willow+Springs+International+Raceway/data=!4m2!3m1!1s0x80c23fafd49effe7:0xe2ce1628b32832d2,,,34.872557,-118.261347,,,,Experience
Muttville,,https://www.google.com/maps/place/Muttville/data=!4m2!3m1!1s0x808f7e2f8ba0033f:0xb3188371ef8132b2,,,37.759665,-122.411241,,,,Experience
Battery Davis Plotting Room,,https://www.google.com/maps/place/Battery+Davis+Plotting+Room/data=!4m2!3m1!1s0x808f7d0fb9faf93b:0x8962cd703d83babb,,,37.7085,-122.495,,,,Museum
Agave Uptown,,https://www.google.com/maps/place/Agave+Uptown/data=!4m2!3m1!1s0x808f80ad15149139:0x9961f87cce3a3bc3,,Bar,37.810772,-122.266903,,,,Bar
Colibri Mexican Bistro,Modern Mexican food,https://www.google.com/maps/place/Colibri+Mexican+Bistro/data=!4m2!3m1!1s0x808587a40bc02a6d:0x41e9dda1f8e106aa,,Mexican,37.797625,-122.459184,,,,Restaurant
TRULY Mediterranean,,https://www.google.com/maps/place/TRULY+Mediterranean/data=!4m2!3m1!1s0x808f7fcb36bd7bf1:0x921f68f4f73120a7,,Mediterranean,37.7621,-122.4258,,,,Restaurant
MAZRA,,https://www.google.com/maps/place/MAZRA/data=!4m2!3m1!1s0x808fa3cf1e627379:0x42c3b0eb5e7f0399,,Mediterranean,39.388183,39.806557,,,,Restaurant
Phở Tân Hòa | Vietnamese & Chinese Cuisine,,https://www.google.com/maps/place/Ph%E1%BB%9F+T%C3%A2n+H%C3%B2a+%7C+Vietnamese+%26+Chinese+Cuisine/data=!4m2!3m1!1s0x80858090287c7c43:0x36c696bffb4ac8a,,Chinese,37.7838,-122.414,,,,Restaurant
My Father's Kitchen,,https://www.google.com/maps/place/My+Father's+Kitchen/data=!4m2!3m1!1s0x808580c9e1617ffb:0xec64d073ad91cacc,,,37.785046,-122.439978,,,,Restaurant
Yummy Yummy,,https://www.google.com/maps/place/Yummy+Yummy/data=!4m2!3m1!1s0x8085875d8371dde5:0x98b2b7418c3b872e,,,51.373322,-0.103423,,,,Restaurant
Pho Ga Huong Que,,https://www.google.com/maps/place/Pho+Ga+Huong+Que/data=!4m2!3m1!1s0x808f9141c44dcc57:0x1edbf9496b5db005,,Vietnamese,37.793832,-122.252659,,,,Restaurant
Pho Huong Viet,,https://www.google.com/maps/place/Pho+Huong+Viet/data=!4m2!3m1!1s0x808587d4c1c51caf:0x63321e3a92502fa8,,Vietnamese,37.780062,-122.481082,,,,Restaurant
Turtle Tower,,https://www.google.com/maps/place/Turtle+Tower/data=!4m2!3m1!1s0x8085810066a57639:0x548c996c994ed43a,,Vietnamese,21.027873,105.852293,,,,Restaurant
Cafe Jolie,,https://www.google.com/maps/place/Cafe+Jolie/data=!4m2!3m1!1s0x808f81289601e5c7:0x7543253275f1ca68,,Café,-34.016307,151.065772,,,,Café / Coffee
Marica Restaurant,,https://www.google.com/maps/place/Marica+Restaurant/data=!4m2!3m1!1s0x80857de8fdd45793:0x4dfff28c6b75c6a3,,,50.644403,13.827636,,,,Restaurant
Monterey Fish Market,,https://www.google.com/maps/place/Monterey+Fish+Market/data=!4m2!3m1!1s0x80857eb0ba88974d:0xd4e53e14eb28be74,,Seafood,37.881743,-122.281547,,,,Market
Townhouse,,https://www.google.com/maps/place/Townhouse/data=!4m2!3m1!1s0x80857e6806c7181d:0x55aa4e2e4f116d1c,,,44.727276,-93.220273,,,,Restaurant
Yasukochi's Sweet Stop,,https://www.google.com/maps/place/Yasukochi's+Sweet+Stop/data=!4m2!3m1!1s0x808580b8ca58c9d1:0x175cb01eebd9c60b,,Dessert / Ice Cream,37.786684,-122.429759,,,,Ice Cream / Dessert
Great China,Peking duck,https://www.google.com/maps/place/Great+China/data=!4m2!3m1!1s0x80857e9d0ba3811b:0x8eb009586964780e,,Chinese,41.206973,115.48854,,,,Restaurant
Ma's Dimsum & Cafe,,https://www.google.com/maps/place/Ma's+Dimsum+%26+Cafe/data=!4m2!3m1!1s0x808580f253f7b9d1:0x80e3b172669ae8e2,,Chinese,42.350993,-71.060539,,,,Café / Coffee
OLD CAZ BEER,,https://www.google.com/maps/place/OLD+CAZ+BEER/data=!4m2!3m1!1s0x80844b49533dcb45:0xdb18c90b827fa266,,Wine / Bar,38.5369,-123.0964,,,,Bar
Rosamunde Sausage Grill,,https://www.google.com/maps/place/Rosamunde+Sausage+Grill/data=!4m2!3m1!1s0x808f7e40cd0660f5:0x5e028618b6aa9c,,American,37.751633,-122.418583,,,,Restaurant
Liang's Village,"Skipped their food stand in Sunnyvale bc line was too long, but I wanna try this",https://www.google.com/maps/place/Liang's+Village/data=!4m2!3m1!1s0x808fb5a11587a951:0xc2ab639255953939,,Chinese,37.321976,-122.032873,,,,Restaurant
Hot Sauce and Panko To Go,,https://www.google.com/maps/place/Hot+Sauce+and+Panko+To+Go/data=!4m2!3m1!1s0x808580ec7a58b619:0x884f16b51e7b45d7,,Deli / Sandwiches,37.7929,-122.4218,,,,Restaurant
Café Meuse,,https://www.google.com/maps/place/Caf%C3%A9+Meuse/data=!4m2!3m1!1s0x808581fa50f4991b:0xc01e72890ecfc0b5,,French,48.977477,5.350245,,,,Restaurant
Wakuriya,,https://www.google.com/maps/place/Wakuriya/data=!4m2!3m1!1s0x808f9fc888c795c3:0x4cf21c8cc9b3aa3c,,,37.521337,-122.3368,,,,Restaurant
The Fat Lady Bar & Restaurant,,https://www.google.com/maps/place/The+Fat+Lady+Bar+%26+Restaurant/data=!4m2!3m1!1s0x808f80b80828b015:0xf8eae8f889c1fbe4,,Bar,37.7953,-122.2763,,,,Bar
Diaz Brothers Tailors,Tailoring ,https://www.google.com/maps/place/Diaz+Brothers+Tailors/data=!4m2!3m1!1s0x80858085fea5d859:0x25f7b1f777fe13c9,,,37.7843,-122.4073,,,,Shop
Bistro Jeanty,French onion soup ,https://www.google.com/maps/place/Bistro+Jeanty/data=!4m2!3m1!1s0x8084555443f86131:0xc5ee78b373313dc,,French,38.4011,-122.3598,,,,Restaurant
Hai Ky Mi Gia,,https://www.google.com/maps/place/Hai+Ky+Mi+Gia/data=!4m2!3m1!1s0x80858090d14a95cb:0x3c861511a4f66b96,,Vietnamese,37.581348,-77.498037,,,,Restaurant
White Cap,Bar with fireplace,https://www.google.com/maps/place/White+Cap/data=!4m2!3m1!1s0x808f7d636a2a85d3:0x42e551848bbd705,,Bar,44.457041,-70.861452,,,,Bar
Last Call Bar,Bar with fireplace,https://www.google.com/maps/place/Last+Call+Bar/data=!4m2!3m1!1s0x808f7e1baa6ba859:0xc47595651e267237,,Bar,39.786714,-94.805739,,,,Bar
Heritage Restaurant & Bar,Bar with fireplace ,https://www.google.com/maps/place/Heritage+Restaurant+%26+Bar/data=!4m2!3m1!1s0x8085873db21bbb89:0x844f69a7032ce825,,Bar,47.732408,-122.140941,,,,Bar
The Riptide,Bar with fireplace ,https://www.google.com/maps/place/The+Riptide/data=!4m2!3m1!1s0x808f7d636e6953d3:0x7e54f44c74f38c0f,,Bar,37.741586,-122.505344,,,,Bar
Lost Marbles Brewery,Bar with fireplace,https://www.google.com/maps/place/Lost+Marbles+Brewery/data=!4m2!3m1!1s0x80858751d9540071:0x37ebe5ecfe74d3a3,,Brewery / Bar,37.7825,-122.4681,,,,Brewery
Shapeshifters Café,,https://www.google.com/maps/place/Shapeshifters+Caf%C3%A9/data=!4m2!3m1!1s0x808f80b9b61b0d5d:0xdbc7e77ba2cb8063,,Café,37.799165,-122.278141,,,,Café / Coffee
Spice Scottsdale,,https://www.google.com/maps/place/Spice+Scottsdale/data=!4m2!3m1!1s0x872b0bdb884c8c6d:0xed79148da24834f9,,,33.638313,-111.883984,,,,Restaurant
Middle Harbor Shoreline Park,,https://www.google.com/maps/place/Middle+Harbor+Shoreline+Park/data=!4m2!3m1!1s0x80857fd99d0ea545:0x66fc0e3b6651e65,,,37.8032,-122.32418,,,,Park / Nature
The Bureau 510,,https://www.google.com/maps/place/The+Bureau+510/data=!4m2!3m1!1s0x808f81b98c480373:0x8e2da5dd8354fc9e,,Bar,37.77448,-122.276966,,,,Bar
Wayfare Tavern,,https://www.google.com/maps/place/Wayfare+Tavern/data=!4m2!3m1!1s0x8085808a62f79413:0x3754c526852815b7,,American,37.794016,-122.40235,,,,Bar
CHALOS,"Churros, empanadas ",https://www.google.com/maps/place/CHALOS/data=!4m2!3m1!1s0x808f7de5c4dd4fcf:0x4eb902f4a5fe94cf,,Mexican,44.784504,4.729936,,,,Restaurant
Menya Kanemaru Golden Ramen,Yuzu ramen,https://www.google.com/maps/place/Menya+Kanemaru+Golden+Ramen/data=!4m2!3m1!1s0x808f7f5ea47d03d9:0x79b8ade7845fa3d7,,Japanese,37.770353,-122.422608,,,,Restaurant
Ly's Vietnamese Cuisine,Phở,https://www.google.com/maps/place/Ly's+Vietnamese+Cuisine/data=!4m2!3m1!1s0x808580db908b2a45:0xaeae94d18f6c8180,,Vietnamese,37.7999,-122.4314,,,,Restaurant
PPQ Beef Noodle House,Phở,https://www.google.com/maps/place/PPQ+Beef+Noodle+House/data=!4m2!3m1!1s0x8085876580c9ce43:0xf1eaf0702d54a319,,Chinese,37.763686,-122.477578,,,,Restaurant
Pho Ga,Phở,https://www.google.com/maps/place/Pho+Ga/data=!4m2!3m1!1s0x8085870de215fa17:0xb8b891e42fb033cf,,Vietnamese,21.042204,105.845347,,,,Restaurant
Viet Quan Vietnamese Noodle House,Phở,https://www.google.com/maps/place/Viet+Quan+Vietnamese+Noodle+House/data=!4m2!3m1!1s0x808f7d6ea4ec6ca1:0xd84d8094eb45e1d4,,Chinese,37.784,-122.409,,,,Restaurant
Thanh Tam II,Phở,https://www.google.com/maps/place/Thanh+Tam+II/data=!4m2!3m1!1s0x887f80cfad6b9c99:0xba882c15c976fd59,,Vietnamese,37.763718,-122.421609,,,,Restaurant
Martuni's,Martini and piano bar,https://www.google.com/maps/place/Martuni's/data=!4m2!3m1!1s0x8085809fc1d9fd7f:0x3c302f46424a3609,,Bar,37.772128,-122.422773,,,,Bar
The Cheese Steak Shop,,https://www.google.com/maps/place/The+Cheese+Steak+Shop/data=!4m2!3m1!1s0x808f8741ea3c9293:0xe656413d00e4962d,,,37.768276,-122.232562,,,,Restaurant
Tsukuda Fruit Stand,,https://www.google.com/maps/place/Tsukuda+Fruit+Stand/data=!4m2!3m1!1s0x808fc95b71694ea7:0x36f649ab2d81e8b1,,,37.3959022,-121.9176571,,,,Restaurant
Porto's Bakery and Cafe,,https://www.google.com/maps/place/Porto's+Bakery+and+Cafe/data=!4m2!3m1!1s0x80dd2be873acecc5:0xf2588c28c6f67fbf,,Café,34.150415,-118.255312,,,,Bakery
ICHIRAN Downtown Brooklyn,,https://www.google.com/maps/place/ICHIRAN+Downtown+Brooklyn/data=!4m2!3m1!1s0x89c25b2b5d558fc1:0x72108878e043c44d,,Japanese,40.6926,-73.9896,,,,Restaurant
Ichiran,,https://www.google.com/maps/place/Ichiran/data=!4m2!3m1!1s0x89c25c0034670c0f:0xe65b1b2bc6ad199d,,Japanese,35.690598,139.702758,,,,Restaurant
ICHIRAN Ramen NY Times Square,,https://www.google.com/maps/place/ICHIRAN+Ramen+NY+Times+Square/data=!4m2!3m1!1s0x89c259598989a063:0x8f1595e92419e152,,Japanese,40.7587,-73.9843,,,,Restaurant
Gao Viet Kitchen,Pho,https://www.google.com/maps/place/Gao+Viet+Kitchen/data=!4m2!3m1!1s0x8085872470ab1ffb:0xbda5fb88a30409d2,,Vietnamese,37.763682,-122.478431,,,,Restaurant
Bus Stop,Old bar,https://www.google.com/maps/place/Bus+Stop/data=!4m2!3m1!1s0x808580db4ece278b:0xc5b460e75afbac76,,American,33.582393,73.044289,,,,Restaurant
Bottaia Winery,,https://www.google.com/maps/place/Bottaia+Winery/data=!4m2!3m1!1s0x80db794372f63e41:0x3d968fb669da617,,Wine / Bar,33.5269,-117.0543,,,,Winery
Avensole Winery,,https://www.google.com/maps/place/Avensole+Winery/data=!4m2!3m1!1s0x80db7920905acf77:0x4fbea5c5ebf40b2a,,Wine / Bar,33.5374,-117.0839,,,,Winery
Plank,,https://www.google.com/maps/place/Plank/data=!4m2!3m1!1s0x808f80c87bf179a5:0x304aed7e835970fb,,Brewery / Bar,48.548781,13.353637,,,,Bar
UKA,,https://www.google.com/maps/place/UKA/data=!4m2!3m1!1s0x80c2bf2328502c17:0xd82456d6278ca37f,,,39.422519,-111.714358,,,,Restaurant
DAYTRIP,,https://www.google.com/maps/place/DAYTRIP/data=!4m2!3m1!1s0x80857d9e20fa00fb:0x15b7e67e9cfa4d9c,,Bar,37.831902,-122.263533,,,,Bar
Mermaid Oyster Bar,,https://www.google.com/maps/place/Mermaid+Oyster+Bar/data=!4m2!3m1!1s0x89c2599211bc0e53:0xa7a795159544d213,,Seafood,40.729148,-74.00137,,,,Bar
Pizzaiolo,,https://www.google.com/maps/place/Pizzaiolo/data=!4m2!3m1!1s0x80857de1012bd661:0x35a292bcedf52b5d,,Italian,51.497387,-0.305761,,,,Restaurant
Brantford,Phil Hartman mural,https://www.google.com/maps/place/Brantford/data=!4m2!3m1!1s0x882c65e278ea730f:0x353da5a5a466f9e0,,,43.140816,-80.263173,,,,Restaurant
"La Boulangerie de San Francisco, Cole Valley",,"https://www.google.com/maps/place/La+Boulangerie+de+San+Francisco,+Cole+Valley/data=!4m2!3m1!1s0x80858755aa03c549:0x37ead9acf91805",,French,37.764789,-122.449644,,,,Bakery
Delage,,https://www.google.com/maps/place/Delage/data=!4m2!3m1!1s0x808f80b74a2320ef:0x95adbaf8182a713b,,Bar,44.525186,0.200823,,,,Bar
R & G Lounge,Salt & pepper crab,https://www.google.com/maps/place/R+%26+G+Lounge/data=!4m2!3m1!1s0x8085808b1bd80155:0x89a88d9eefd494cb,,Seafood,37.794097,-122.404903,,,,Bar
Berlin Doner & Kebab House,,https://www.google.com/maps/place/Berlin+Doner+%26+Kebab+House/data=!4m2!3m1!1s0x8085815c91cdd859:0x4f5ba73a9b2da239,,Mediterranean,37.788289,-122.415311,,,,Restaurant
TONGA ROOM & HURRICANE BAR,Anthony Bourdain went here,https://www.google.com/maps/place/TONGA+ROOM+%26+HURRICANE+BAR/data=!4m2!3m1!1s0x8085808d1ad53055:0xef5f5fa21e8d5af9,,Bar,37.792141,-122.410008,,,,Bar
TLT & Grill Soup,,https://www.google.com/maps/place/TLT+%26+Grill+Soup/data=!4m2!3m1!1s0x808fb5aeff8e7d21:0x680ff414e4c5c61a,,American,37.3235922,-122.0299727,,,,Restaurant
Chapeau,,https://www.google.com/maps/place/Chapeau/data=!4m2!3m1!1s0x8085873980f141b3:0xc0494cd294188202,,French,46.489849,3.519804,,,,Restaurant
Wako Japanese Restaurant,,https://www.google.com/maps/place/Wako+Japanese+Restaurant/data=!4m2!3m1!1s0x808587397d5029af:0xf8a6de6eb104fd1b,,Japanese,35.852313,-86.400395,,,,Restaurant
Oishinbo Sushi,To-go sushi,https://www.google.com/maps/place/Oishinbo+Sushi/data=!4m2!3m1!1s0x8085876cb47eecc1:0x7388a823c5a0952c,,Japanese,37.7649,-122.4429,,,,Restaurant
Le Soleil,,https://www.google.com/maps/place/Le+Soleil/data=!4m2!3m1!1s0x8085873981bda673:0x6633ee39273e017,,French,46.117858,5.080801,,,,Restaurant
Sunset Tower Hotel,,https://www.google.com/maps/place/Sunset+Tower+Hotel/data=!4m2!3m1!1s0x80c2bebfad631d3d:0xa2d7337783eb0b8e,,,34.09509,-118.37212,,,,Hotel
Bloom pizzeria,,https://www.google.com/maps/place/Bloom+pizzeria/data=!4m2!3m1!1s0x808f81eac389eb49:0x464b5047b95726b1,,Italian,41.520904,-87.651185,,,,Restaurant
JAPADOG (South Vancouver),,https://www.google.com/maps/place/JAPADOG+(South+Vancouver)/data=!4m2!3m1!1s0x54867565623d9499:0xa3889fc17b936446,,Japanese,49.2124,-123.1014,,,,Restaurant
Sumiya,,https://www.google.com/maps/place/Sumiya/data=!4m2!3m1!1s0x808fb5603d6ab961:0x9d6806089597b2c8,,,18.898949,-99.194829,,,,Restaurant
Oyuki Sushi & Peruvian Cuisine,,https://www.google.com/maps/place/Oyuki+Sushi+%26+Peruvian+Cuisine/data=!4m2!3m1!1s0x808e41bac4d2400d:0x6f0caea72ecea913,,Japanese,36.9716121,-122.0251575,,,,Restaurant
alaMar Dominican Kitchen,,https://www.google.com/maps/place/alaMar+Dominican+Kitchen/data=!4m2!3m1!1s0x808f8752cf4df97f:0xa2dfa6660d32ae12,,Latin American,37.811456,-122.264498,,,,Restaurant
Sobre Mesa,,https://www.google.com/maps/place/Sobre+Mesa/data=!4m2!3m1!1s0x808f811e57310af3:0x7fdf3f819d965fe,,Latin American,37.805781,-122.268583,,,,Restaurant
Spices 3 辣妹子,,https://www.google.com/maps/place/Spices+3+%E8%BE%A3%E5%A6%B9%E5%AD%90/data=!4m2!3m1!1s0x808f80b43ce2a90d:0x95429d5e7dd07c29,,Chinese,37.7801,-122.4676,,,,Restaurant
Popoca Oakland,,https://www.google.com/maps/place/Popoca+Oakland/data=!4m2!3m1!1s0x808f81131ae8f823:0x14040cd04c7292a1,,Latin American,37.801593,-122.27424,Yes,,,Restaurant
Parche,,https://www.google.com/maps/place/Parche/data=!4m2!3m1!1s0x808f8173f75b5a1b:0x485854659d8318ce,,Latin American,28.349423,84.095952,,,,Restaurant
Wunderbar,,https://www.google.com/maps/place/Wunderbar/data=!4m2!3m1!1s0x808f9f19bba99043:0x518b2561bea89fe8,,Bar,55.741647,37.609861,,,,Bar
Kozy Kar,Dirty bar,https://www.google.com/maps/place/Kozy+Kar/data=!4m2!3m1!1s0x808580eb2f42e371:0x5f8189b9a2646fe5,,Bar,37.791365,-122.42072,,,,Bar
Grossman's Noshery & Bar,Jewish deli,https://www.google.com/maps/place/Grossman's+Noshery+%26+Bar/data=!4m2!3m1!1s0x808439aa575231f3:0xa1348b24813434b5,,Deli / Sandwiches,38.437875,-122.720896,,,,Bar
Trestles Restaurant,,https://www.google.com/maps/place/Trestles+Restaurant/data=!4m2!3m1!1s0x808e1509f540bdff:0x9b7e5a068f2c09b2,,,33.3781,-117.5893,,,,Restaurant
Internet Archive,,https://www.google.com/maps/place/Internet+Archive/data=!4m2!3m1!1s0x808587003a52e001:0x36d65c384057a775,,,37.782289,-122.471571,,,,Experience
New York Botanical Garden,,https://www.google.com/maps/place/New+York+Botanical+Garden/data=!4m2!3m1!1s0x89c2f37cb80715c9:0xd73f5ca83441153f,,,40.862243,-73.877154,,,,Restaurant
Oakland Aviation Museum,,https://www.google.com/maps/place/Oakland+Aviation+Museum/data=!4m2!3m1!1s0x808f85b174bf90e9:0xbdcb25b194d6432,,,37.733122,-122.212224,,,,Museum
James Dean Memorial Junction,,https://www.google.com/maps/place/James+Dean+Memorial+Junction/data=!4m2!3m1!1s0x80eca59748208b1b:0x6fbe381dd7381c47,,,35.734621,-120.284384,,,,Restaurant
Social Cafe,,https://www.google.com/maps/place/Social+Cafe/data=!4m2!3m1!1s0x808f7f6c9aa73a25:0xf74c084ed3a28163,,Café,37.775941,-122.402946,,,,Café / Coffee
Prime Seafood Palace,Matty Matheson,https://www.google.com/maps/place/Prime+Seafood+Palace/data=!4m2!3m1!1s0x882b35298d7eb1d9:0x4f42f6bad5957f3c,,Seafood,43.6474,-79.3995,,,,Restaurant
Forbidden Island,Tiki bar,https://www.google.com/maps/place/Forbidden+Island/data=!4m2!3m1!1s0x808f86d2fdb659bb:0x44465e5d94b6b023,,Bar,23.883631,-76.268376,,,,Bar
Avila Beach,,https://www.google.com/maps/place/Avila+Beach/data=!4m2!3m1!1s0x80ecf9e6b040f13f:0xa84df9813e90d832,,,35.179975,-120.731841,,,,Park / Nature
Swiss Louis Italian & Seafood Restaurant,,https://www.google.com/maps/place/Swiss+Louis+Italian+%26+Seafood+Restaurant/data=!4m2!3m1!1s0x808580fc8bb3211d:0x90332c3b0b41098a,,Italian,37.8087,-122.4098,,,,Restaurant
Matterhorn Restaurant and Bakery,,https://www.google.com/maps/place/Matterhorn+Restaurant+and+Bakery/data=!4m2!3m1!1s0x80858183372709e7:0x59be6080c8c27a3e,,Italian,37.7972,-122.424,,,,Bakery
Saloon,,https://www.google.com/maps/place/Saloon/data=!4m2!3m1!1s0x80dce5b51efaa0b9:0x6c47175d330860f,,,13.32982,74.724945,,,,Bar
C'est La Vie,,https://www.google.com/maps/place/C'est+La+Vie/data=!4m2!3m1!1s0x80dce5b549b136b5:0xf8e0c73b80b29a02,,,-33.842768,18.635819,,,,Restaurant
Wooden Spoon,Breakfast,https://www.google.com/maps/place/Wooden+Spoon/data=!4m2!3m1!1s0x808f7fe145f6bf07:0xa478647715ca9b3,,,37.766653,-122.430382,,,,Restaurant
Palm City,Drink wine and work,https://www.google.com/maps/place/Palm+City/data=!4m2!3m1!1s0x8085870984eb6455:0x494b0682fb73bc1c,,Bar,27.171392,-80.284222,,,,Bar
Yaoya-San,,https://www.google.com/maps/place/Yaoya-San/data=!4m2!3m1!1s0x8085791d2bcf4237:0xdb6c0f70c84abf12,,,37.910992,-122.307733,,,,Restaurant
Alimento,,https://www.google.com/maps/place/Alimento/data=!4m2!3m1!1s0x808580f170c1c28f:0x3a132d2aec5ba1cf,,,48.849945,2.352137,,,,Restaurant
Bistro Central Parc Restaurant,French,https://www.google.com/maps/place/Bistro+Central+Parc+Restaurant/data=!4m2!3m1!1s0x808580b28d70f7f1:0x8b18611019cdb547,,French,37.774997,-122.444431,,,,Restaurant
Franklin Canyon -Hastain Trailhead,In Star Trek episode Paradise Syndrome ,https://www.google.com/maps/place/Franklin+Canyon+-Hastain+Trailhead/data=!4m2!3m1!1s0x80c2bc3546902d7b:0xdb157689dc048150,,,34.1113,-118.4152,,,,Park / Nature
Murasaki Fine Futon Shop,,https://www.google.com/maps/place/Murasaki+Fine+Futon+Shop/data=!4m2!3m1!1s0x80857dc4e5ad8f35:0x619484ea509d24e7,,,37.8491536,-122.252073,,,,Shop
La Farine Boulangerie Patisserie,,https://www.google.com/maps/place/La+Farine+Boulangerie+Patisserie/data=!4m2!3m1!1s0x80857dc56b282ae5:0xf7a60a06468636f9,,French,45.456105,5.636689,,,,Bakery
Plage des Bas Sablons,,https://www.google.com/maps/place/Plage+des+Bas+Sablons/data=!4m2!3m1!1s0x480e81f8763923e5:0xc2beeebb77422547,,,48.63829,-2.019491,,,,Restaurant
Plage du Prieuré,,https://www.google.com/maps/place/Plage+du+Prieur%C3%A9/data=!4m2!3m1!1s0x480e80cc3f213bfb:0x6920fb6f6fa42715,,,48.625666,-2.053204,,,,Restaurant
MINIBOSS,Drink beer and play arcade games ,https://www.google.com/maps/place/MINIBOSS/data=!4m2!3m1!1s0x808fcd4ec056dfdf:0x7cd022d0df9c009e,,Bar,37.336589,-121.889186,,,,Bar
Sushi Yasuda,Chef Yasuda was on Bourdain,https://www.google.com/maps/place/Sushi+Yasuda/data=!4m2!3m1!1s0x89c259031cfa96d1:0xb48caafcb427629c,,Japanese,34.826079,134.69243,,,,Restaurant
Alamere Falls,,https://www.google.com/maps/place/Alamere+Falls/data=!4m2!3m1!1s0x8085ea6d7d0964f5:0x633ac4295073ec8c,,,37.953737,-122.783353,,,,Park / Nature
Blake Garden UC Berkeley,,https://www.google.com/maps/place/Blake+Garden+UC+Berkeley/data=!4m2!3m1!1s0x8085796c7e2c6ed5:0x9242c12b81fa5319,,,37.9136,-122.2848,,,,Park / Nature
Menya Shono,You’ve been to the SF location (Mensho),https://www.google.com/maps/place/Menya+Shono/data=!4m2!3m1!1s0x808599e11148a087:0x2e2abfde76671cec,,Japanese,37.9731315,-122.5263712,,,,Restaurant
Super Mira,,https://www.google.com/maps/place/Super+Mira/data=!4m2!3m1!1s0x808580b8ca58c9d1:0x186dae5997ebc1c0,,,37.786637,-122.429873,,,,Market
The Caprice,"Check, please",https://www.google.com/maps/place/The+Caprice/data=!4m2!3m1!1s0x8085847ecc42177b:0x287f85a2201bdad0,,American,40.738353,-74.06285,,,,Restaurant
Bombera,"Check, Please ",https://www.google.com/maps/place/Bombera/data=!4m2!3m1!1s0x808f8713574e6583:0x709f1807dd19d5f2,,Latin American,37.799482,-122.215346,,,,Restaurant
SPQR,,https://www.google.com/maps/place/SPQR/data=!4m2!3m1!1s0x808580c792054409:0x9fc62e607af74aa6,,Italian,47.552965,19.075211,,,,Restaurant
Tartine Bakery,,https://www.google.com/maps/place/Tartine+Bakery/data=!4m2!3m1!1s0x808f7e1807365605:0x601f7a97f0ce6c6b,,Bakery,37.761455,-122.423945,,,,Bakery
Anchor Electronics,,https://www.google.com/maps/place/Anchor+Electronics/data=!4m2!3m1!1s0x808fca25ba26dfd5:0xc0ca43e28395709a,,,17.473897,78.570448,,,,Shop
Reperch,,https://www.google.com/maps/place/Reperch/data=!4m2!3m1!1s0x808f79ad8e583885:0xe5e9a8c252bfcb68,,,37.854514,-122.291443,,,,Shop
The Shady Dell,Stacy recommended ,https://www.google.com/maps/place/The+Shady+Dell/data=!4m2!3m1!1s0x86d0b446bab86a81:0x2f90bd748f7dfdac,,,31.43034,-109.892294,,,,Restaurant
Dawn Ranch,,https://www.google.com/maps/place/Dawn+Ranch/data=!4m2!3m1!1s0x80841f59a628f065:0xc60641eef08df6bb,,,32.963737,-117.192195,,,,Hotel
Pho 2000,Pho to try,https://www.google.com/maps/place/Pho+2000/data=!4m2!3m1!1s0x808581c399e97b9f:0x91b4a82dd99c3a58,,Vietnamese,34.075081,-118.309407,,,,Restaurant
Huddart Park,Hiking,https://www.google.com/maps/place/Huddart+Park/data=!4m2!3m1!1s0x808fa12ffeca116f:0xb193b181dd22e2b2,,,37.435444,-122.296057,,,,Park / Nature
Standard Deviant Brewing,Beer,https://www.google.com/maps/place/Standard+Deviant+Brewing/data=!4m2!3m1!1s0x808f7e21474dc681:0xcab142f3b60e8df3,,Brewery / Bar,37.758766,-122.38396,,,,Brewery
Butter & Crumble,Croissants,https://www.google.com/maps/place/Butter+%26+Crumble/data=!4m2!3m1!1s0x808581c387a8b12f:0x786e8f4be25357e2,,French,37.805078,-122.409658,,,,Bakery
the rice factory New York,,https://www.google.com/maps/place/the+rice+factory+New+York/data=!4m2!3m1!1s0x89c293da20c8a4b7:0xfb115f5cc95457c5,,,40.7393,-73.9882,,,,Restaurant
Mill Valley Public Library,,https://www.google.com/maps/place/Mill+Valley+Public+Library/data=!4m2!3m1!1s0x8085906bf89ee0a1:0x21c96a71f0b54777,,,37.906002,-122.554217,,,,Library
SIS Building,James Bond’s boss works here,https://www.google.com/maps/place/SIS+Building/data=!4m2!3m1!1s0x487604ee95b8ef29:0x45ab89afa9a2714e,,,51.487264,-0.124354,,,,Restaurant
Stanley Hotel,Inspiration for The Shining,https://www.google.com/maps/place/Stanley+Hotel/data=!4m2!3m1!1s0x876965f3f19aec35:0x68e1f93ba638688,,,53.039821,-121.71852,,,,Hotel
John's Grill,I have a glass from here,https://www.google.com/maps/place/John's+Grill/data=!4m2!3m1!1s0x8085808f552ed37b:0xe69d0ef5e2aec46f,,American,6.917062,122.075387,,,,Restaurant
Doppio Zero San Francisco,,https://www.google.com/maps/place/Doppio+Zero+San+Francisco/data=!4m2!3m1!1s0x80858098bf18d5b5:0xa54cb5627c85e368,,Italian,37.776796,-122.422768,,,,Restaurant
Suppenküche,,https://www.google.com/maps/place/Suppenk%C3%BCche/data=!4m2!3m1!1s0x808580a24ec2f6f1:0x2117f92303bb4bf5,,German,52.565871,13.39468,,,,Restaurant
Cracked & Battered,,https://www.google.com/maps/place/Cracked+%26+Battered/data=!4m2!3m1!1s0x808f7fd93da851bd:0x75242ebc519b4d69,,,37.762636,-122.397342,,,,Restaurant
BOK Tower,Half-size World Trade Center building designed by Minoru Yamasaki,https://www.google.com/maps/place/BOK+Tower/data=!4m2!3m1!1s0x87b6eb78ef1c2579:0x1e3beac9076e43ee,,,36.155115,-95.990595,,,,Restaurant
Capital,,https://www.google.com/maps/place/Capital/data=!4m2!3m1!1s0x8085808b58a71a5d:0x75440dd503b8bff1,,,48.455818,-123.47338,,,,Restaurant
Del Popolo,,https://www.google.com/maps/place/Del+Popolo/data=!4m2!3m1!1s0x8085808dc2a02303:0x65859a8c13592c08,,Italian,41.911473,12.476546,,,,Restaurant
Pho Tick Tock Restaurant,,https://www.google.com/maps/place/Pho+Tick+Tock+Restaurant/data=!4m2!3m1!1s0x808fcd08073f23b3:0x27515ac20af96137,,Vietnamese,37.371946,-121.846128,,,,Restaurant
Duke of Edinburgh,,https://www.google.com/maps/place/Duke+of+Edinburgh/data=!4m2!3m1!1s0x808fb5963ec3c0e5:0x172db7a3d9fd6b8f,,,51.537197,0.034792,,,,Restaurant
Heidi's Pies Restaurant,,https://www.google.com/maps/place/Heidi's+Pies+Restaurant/data=!4m2!3m1!1s0x808f9ef7e7abd80b:0xfae8728be3d87649,,,37.548999,-122.310263,,,,Restaurant
Mélisse Restaurant,,https://www.google.com/maps/place/M%C3%A9lisse+Restaurant/data=!4m2!3m1!1s0x80c2a4c4528cf3ed:0x5423b7fd136ee520,,,45.498263,-73.557984,,,,Restaurant
The Wellesbourne,,https://www.google.com/maps/place/The+Wellesbourne/data=!4m2!3m1!1s0x80c2bba2fbecdff5:0x2a67ca70b2b53da2,,,34.039414,-118.430396,,,,Restaurant
Father's Office,,https://www.google.com/maps/place/Father's+Office/data=!4m2!3m1!1s0x80c2a4b9f955f87f:0xe2f44e06c250c920,,,-37.81054,144.964596,,,,Restaurant
Taylor's Steak House,Phil’s choice (culotte steak),https://www.google.com/maps/place/Taylor's+Steak+House/data=!4m2!3m1!1s0x80c2b8819cc9788d:0xc3dcc2f6f5dcb4ed,,Steakhouse,37.341516,-85.36398,,,,Restaurant
Flour & Branch,,https://www.google.com/maps/place/Flour+%26+Branch/data=!4m2!3m1!1s0x808f7fb786ebd377:0x6efa55d235a0c6d8,,,37.781579,-122.39596,,,,Bakery
Aptos St. BBQ,Syd recommended BBQ,https://www.google.com/maps/place/Aptos+St.+BBQ/data=!4m2!3m1!1s0x808e1678f961103f:0xc1325bf989f55c66,,American,36.976815,-121.899495,,,,Restaurant
Old Post Office Cafe,,https://www.google.com/maps/place/Old+Post+Office+Cafe/data=!4m2!3m1!1s0x80996352812d8ecd:0xee72bb44e9173960,,Café,51.407657,-3.259884,,,,Café / Coffee
Popi's Oysterette,,https://www.google.com/maps/place/Popi's+Oysterette/data=!4m2!3m1!1s0x808581289b7258ab:0x5ee843e6285bc444,,Seafood,37.8005171,-122.4377255,,,,Restaurant
The Hideout,"Cozy, romantic ",https://www.google.com/maps/place/The+Hideout/data=!4m2!3m1!1s0x808f7e2243c24001:0x6b9a7cb5169df36a,,Bar,41.913916,-87.662638,,,,Bar
Casanova Lounge,"Cozy, romantic",https://www.google.com/maps/place/Casanova+Lounge/data=!4m2!3m1!1s0x808f7e225705f3e3:0x7c87204bf16dfd3a,,Bar,37.764386,-122.421679,,,,Bar
Acqua e Farina,,https://www.google.com/maps/place/Acqua+e+Farina/data=!4m2!3m1!1s0x808f93d867cbcdef:0x8a064c522f5503,,,41.877052,12.564374,,,,Restaurant
Trabocco Kitchen and Cocktails,,https://www.google.com/maps/place/Trabocco+Kitchen+and+Cocktails/data=!4m2!3m1!1s0x808f86b008ac90e1:0x87d31d567b81ffdb,,Bar,37.757326,-122.251678,,,,Bar
Belotti Bottega,,https://www.google.com/maps/place/Belotti+Bottega/data=!4m2!3m1!1s0x80857df77a842977:0x5a4f8a6d74d42396,,Italian,37.82587,-122.253353,,,,Restaurant
Belotti Ristorante E Bottega,,https://www.google.com/maps/place/Belotti+Ristorante+E+Bottega/data=!4m2!3m1!1s0x80857de8ff5935b5:0x7a47e28cbb41670b,,Italian,37.8466,-122.251,,,,Restaurant
Harper & Rye,,https://www.google.com/maps/place/Harper+%26+Rye/data=!4m2!3m1!1s0x808580eb1d8107bb:0x1554013c629c8391,,,37.79224,-122.421214,,,,Restaurant
Ramen Hajime,,https://www.google.com/maps/place/Ramen+Hajime/data=!4m2!3m1!1s0x808fb57e395b59d3:0xb270886358d306f9,,Japanese,37.323882,-121.994296,,,,Restaurant
Agrodolce Osteria,,https://www.google.com/maps/place/Agrodolce+Osteria/data=!4m2!3m1!1s0x80857ea1daea97b1:0xffca9dae038f9474,,Italian,37.876,-122.2691,,,,Restaurant
MOTHERSHIP,,https://www.google.com/maps/place/MOTHERSHIP/data=!4m2!3m1!1s0x808f7f009b844821:0x2099d5aef3dd827a,,,37.746881,-122.419251,,,,Restaurant
Sky Ramen,,https://www.google.com/maps/place/Sky+Ramen/data=!4m2!3m1!1s0x808f7624e6627e2f:0xa8736b7b5ba7dbf7,,Japanese,34.666253,133.921873,,,,Restaurant
Patricia’s Green In Hayes Valley,,https://www.google.com/maps/place/Patricia%E2%80%99s+Green+In+Hayes+Valley/data=!4m2!3m1!1s0x808580a2095575d9:0xbc85b6412cf68b83,,,37.7762,-122.4235,,,,Restaurant
Spice of America,,https://www.google.com/maps/place/Spice+of+America/data=!4m2!3m1!1s0x8085817cb5148509:0x4e547815c6b42576,,,40.771193,-73.95374,,,,Restaurant
Jacob Tailoring,,https://www.google.com/maps/place/Jacob+Tailoring/data=!4m2!3m1!1s0x808580919f9cc005:0xeaa5630d2ef92b01,,,37.786529,-122.415754,,,,Shop
Portabella,,https://www.google.com/maps/place/Portabella/data=!4m2!3m1!1s0x808de61555c88365:0x9e868355fc33cbae,,,54.29156,-5.557544,,,,Restaurant
405 Monterey Ave,AirBnB Aug 2023,https://www.google.com/maps/place/405+Monterey+Ave/data=!4m2!3m1!1s0x808e1575c15a8b1b:0x4227b467880d387e,,,38.993013,-76.503219,,,,Restaurant
ROOH SF,,https://www.google.com/maps/place/ROOH+SF/data=!4m2!3m1!1s0x808580787b995e7f:0x48f12b30cd7c8cdd,,Indian,37.781188,-122.392645,,,,Restaurant
Filbert Stairs (to Coit Tower),,https://www.google.com/maps/place/Filbert+Stairs+(to+Coit+Tower)/data=!4m2!3m1!1s0x808581f6b9edba01:0x3453597c9ed8abc8,,,37.8013,-122.4057,,,,Restaurant
True,SF clothes,https://www.google.com/maps/place/True/data=!4m2!3m1!1s0x808580acc0aa7c11:0xadd35161d2e6b85e,,,45.52357,-90.884619,,,,Restaurant
San Franpsycho,SF clothes ,https://www.google.com/maps/place/San+Franpsycho/data=!4m2!3m1!1s0x80858101e1e1cc93:0xa9c06d572abad528,,,37.764883,-122.466268,,,,Restaurant
Upper Playground,Clothes in SF,https://www.google.com/maps/place/Upper+Playground/data=!4m2!3m1!1s0x808580a6d0faaac1:0xebe752236ae1199c,,,37.771548,-122.430216,,,,Shop
Fig & Thistle Apothecary,,https://www.google.com/maps/place/Fig+%26+Thistle+Apothecary/data=!4m2!3m1!1s0x8085810a6a0b0511:0xdc5bc4d6b151ff50,,,37.777257,-122.423431,,,,Shop
GIO Gelati San Francisco,,https://www.google.com/maps/place/GIO+Gelati+San+Francisco/data=!4m2!3m1!1s0x808580db23f2d7f5:0xb15dbcd3038bca5c,,Dessert / Ice Cream,37.797624,-122.432105,,,,Ice Cream / Dessert
Liholiho Yacht Club,,https://www.google.com/maps/place/Liholiho+Yacht+Club/data=!4m2!3m1!1s0x8085809226a75491:0xb16e391a9d832609,,Latin American,37.7882,-122.414608,,,,Restaurant
Trad Bone Broth,,https://www.google.com/maps/place/Trad+Bone+Broth/data=!4m2!3m1!1s0x808f7f061a96b1d7:0x85d7e2aa07e27f68,,,37.7514644,-122.4298534,,,,Restaurant
Zazie,,https://www.google.com/maps/place/Zazie/data=!4m2!3m1!1s0x8085875453992781:0x2612640bb3814f41,,,37.765262,-122.450019,,,,Restaurant
Happy Donuts,Donuts open 24 hours,https://www.google.com/maps/place/Happy+Donuts/data=!4m2!3m1!1s0x808f7e14dd2e26b9:0xf934f0422c9952a0,,Bakery,51.517688,-0.206342,,,,Bakery
Tempest Bar & Box Kitchen,,https://www.google.com/maps/place/Tempest+Bar+%26+Box+Kitchen/data=!4m2!3m1!1s0x80858086ad8612ad:0xc3b86e69a667ab29,,Bar,37.7655,-122.4178,,,,Bar
Ryoko's Japanese Restaurant & Bar,,https://www.google.com/maps/place/Ryoko's+Japanese+Restaurant+%26+Bar/data=!4m2!3m1!1s0x8085808e0fbbe951:0x2a0d6d496a174461,,Japanese,37.7866,-122.4157,,,,Bar
Kizuna Japanese Restaurant,Curry,https://www.google.com/maps/place/Kizuna+Japanese+Restaurant/data=!4m2!3m1!1s0x808fb56ce55c1f09:0x3aa7d2f359f74fb2,,Japanese,27.714034,85.310514,,,,Restaurant
Amitis Poke Cafe and Curry,Curry,https://www.google.com/maps/place/Amitis+Poke+Cafe+and+Curry/data=!4m2!3m1!1s0x808580b2af873425:0x148a50c29b1b4d2b,,Japanese,37.774,-122.4462,,,,Café / Coffee
Fumi Curry & Ramen,Curry,https://www.google.com/maps/place/Fumi+Curry+%26+Ramen/data=!4m2!3m1!1s0x808f7e43237624d5:0xf5a045de43ba5515,,Japanese,37.744026,-122.420715,,,,Restaurant
Volcano Curry,Curry,https://www.google.com/maps/place/Volcano+Curry/data=!4m2!3m1!1s0x80858710541168ed:0x49be89d0207a2ddb,,Japanese,-56.299016,-27.593082,,,,Restaurant
On the Bridge,Curry,https://www.google.com/maps/place/On+the+Bridge/data=!4m2!3m1!1s0x808580b8e176c767:0x9df2240f5dfe97,,Japanese,37.785135,-122.431356,,,,Restaurant
Nippon Curry featuring Hinoya Curry,,https://www.google.com/maps/place/Nippon+Curry+featuring+Hinoya+Curry/data=!4m2!3m1!1s0x80858152c09edccb:0x3dd372d88b08ccb8,,Japanese,37.7849,-122.4306,,,,Restaurant
Universal Electric Supply Co.,,https://www.google.com/maps/place/Universal+Electric+Supply+Co./data=!4m2!3m1!1s0x808f7e297640cde1:0x72ee04b299c2b023,,,37.772906,-122.408041,,,,Shop
Aedan Koji Kitchen,,https://www.google.com/maps/place/Aedan+Koji+Kitchen/data=!4m2!3m1!1s0x808f7f2e969a731b:0x1cce000a629ceedb,,Japanese,37.7614,-122.4088,,,,Restaurant
DNA Lounge,,https://www.google.com/maps/place/DNA+Lounge/data=!4m2!3m1!1s0x808f7e289d88f873:0x5294f91af5544752,,Bar,37.771088,-122.412613,,,,Bar
Moshi Moshi,,https://www.google.com/maps/place/Moshi+Moshi/data=!4m2!3m1!1s0x808f7fc7eebc35ef:0x8f4e1b2c4b2d625f,,,19.368921,-99.263824,,,,Restaurant
Mr Pizza Man San Mateo,,https://www.google.com/maps/place/Mr+Pizza+Man+San+Mateo/data=!4m2!3m1!1s0x808f9e7074d2ff61:0x1d5797fb3ee02c9a,,Italian,37.564438,-122.322335,,,,Restaurant
Barebottle Beer Garden at Salesforce Park,,https://www.google.com/maps/place/Barebottle+Beer+Garden+at+Salesforce+Park/data=!4m2!3m1!1s0x80858113b30432b7:0xfec8d1c4aa503007,,Brewery / Bar,37.7893,-122.3963,,,,Brewery
Takahashi Market,,https://www.google.com/maps/place/Takahashi+Market/data=!4m2!3m1!1s0x808f9e7a699ed723:0xd25e42c4b1039754,,Market / Food Hall,37.567031,-122.320821,,,,Market
Alemany Farmer's Market,,https://www.google.com/maps/place/Alemany+Farmer's+Market/data=!4m2!3m1!1s0x808f7ef8622bb97b:0x70eaf52d5833e878,,Market / Food Hall,37.7277,-122.4233,,,,Market
Clement Street Farmer's Market,,https://www.google.com/maps/place/Clement+Street+Farmer's+Market/data=!4m2!3m1!1s0x80858732be16f8ff:0x7977a4fe1e72815,,Market / Food Hall,37.7831,-122.4641,,,,Market
Hardwood Bar & Smokery,,https://www.google.com/maps/place/Hardwood+Bar+%26+Smokery/data=!4m2!3m1!1s0x808f7e2c5befecb1:0x56642bb4d71c6a58,,American,37.770505,-122.404728,,,,Bar
The Morris,,https://www.google.com/maps/place/The+Morris/data=!4m2!3m1!1s0x808f7e310d3891a9:0xc9872041746a8751,,,33.479374,-81.968437,,,,Restaurant
Sears Fine Food,,https://www.google.com/maps/place/Sears+Fine+Food/data=!4m2!3m1!1s0x8085808e95fd6d95:0xa063cdfb251246fa,,Deli / Sandwiches,37.788773,-122.408664,,,,Restaurant
KUSAKABE,,https://www.google.com/maps/place/KUSAKABE/data=!4m2!3m1!1s0x8085808ac81dd12f:0x1becc2008d803b31,,,34.715091,134.031142,,,,Restaurant
Delucchi's Market,,https://www.google.com/maps/place/Delucchi's+Market/data=!4m2!3m1!1s0x808fa347a21759a9:0xbae48f46280a1977,,Market / Food Hall,37.478292,-122.188462,,,,Market
Southland Flavor Cafe,Caitlin recommended ,https://www.google.com/maps/place/Southland+Flavor+Cafe/data=!4m2!3m1!1s0x808fb5963e3bcce3:0x823bb5f337071aa0,,Café,37.335484,-122.015375,,,,Café / Coffee
Los Altos Grill,,https://www.google.com/maps/place/Los+Altos+Grill/data=!4m2!3m1!1s0x808fb0ef75aa4359:0x26d08677e56354bc,,American,37.378214,-122.11485,,,,Restaurant
El Portal Restaurant,,https://www.google.com/maps/place/El+Portal+Restaurant/data=!4m2!3m1!1s0x808f906b107b2407:0x1f9bd7a3ac7a2515,,,32.817537,-117.180636,,,,Restaurant
All’Antico Vinaio,Chef Lidia interviewed this sandwich maker (also has New York location),https://www.google.com/maps/place/All%E2%80%99Antico+Vinaio/data=!4m2!3m1!1s0x132a5400b0e2527b:0x5bc2ab159f2707f6,,Deli / Sandwiches,51.512496,-0.132797,,,,Restaurant
All'Antico Vinaio,Chef Lidia interviewed this sandwich maker,https://www.google.com/maps/place/All'Antico+Vinaio/data=!4m2!3m1!1s0x89c259d4955cac01:0x58f4b4fcad58588f,,Italian,51.512496,-0.132797,,,,Restaurant
number5kitchen,,https://www.google.com/maps/place/number5kitchen/data=!4m2!3m1!1s0x808fa36cdfdcbc61:0xfb2af3bd1dd09f88,,,37.505797,-122.2601908,,,,Restaurant
Lapisara Eatery,Saturday Brunch,https://www.google.com/maps/place/Lapisara+Eatery/data=!4m2!3m1!1s0x80858091fb73739f:0x8811b346b81e0fe2,,,37.7873,-122.4159,,,,Restaurant
The Shay - Destination by Hyatt,,https://www.google.com/maps/place/The+Shay+-+Destination+by+Hyatt/data=!4m2!3m1!1s0x80c2b9bb4d09d10d:0x308f32072588051a,,,34.0058,-118.3905,,,,Hotel
Huntington Library and Gardens,,https://www.google.com/maps/place/Huntington+Library+and+Gardens/data=!4m2!3m1!1s0x80c2c4b36de7ead3:0x19c74f6f5fd393d2,,,34.128223,-118.114619,,,,Library
Miceli's,,https://www.google.com/maps/place/Miceli's/data=!4m2!3m1!1s0x80c2bf249fe632b7:0x98bfaeaacf6ea360,,,34.101165,-118.336005,,,,Restaurant
Zuni Café,,https://www.google.com/maps/place/Zuni+Caf%C3%A9/data=!4m2!3m1!1s0x8085809fabbdbb3b:0x9f78fd6bc9972489,,Café,37.773564,-122.421646,,,,Café / Coffee
Sly McFly's,,https://www.google.com/maps/place/Sly+McFly's/data=!4m2!3m1!1s0x808de5882ae37643:0x630f306b968bb7ad,,Vietnamese,36.616159,-121.900285,,,,Restaurant
Mylapore South Indian Vegetarian,,https://www.google.com/maps/place/Mylapore+South+Indian+Vegetarian/data=!4m2!3m1!1s0x809ae4292a01666d:0xfd8629e71af4432e,,Indian,37.554451,-121.980738,,,,Restaurant
Nike Missile Site SF-51L,,https://www.google.com/maps/place/Nike+Missile+Site+SF-51L/data=!4m2!3m1!1s0x808f7bb2c936ba23:0x464ebd959a33199f,,,37.8285,-122.4962,,,,Museum
Kamameshi House,,https://www.google.com/maps/place/Kamameshi+House/data=!4m2!3m1!1s0x808f7bd396cf9f91:0x9d2eb63dba3bbcc,,Japanese,37.6502,-122.4535,,,,Restaurant
Warehouse Buffet,,https://www.google.com/maps/place/Warehouse+Buffet/data=!4m2!3m1!1s0x808f9f294ec1a0c3:0x7dac81a2ea2f6ef3,,,53.801195,-1.535176,,,,Restaurant
Bill.com,,https://www.google.com/maps/place/Bill.com/data=!4m2!3m1!1s0x8640c3980c59a4c7:0xec0144fe565dadaf,,,36.687053,-78.899471,,,,Restaurant
Samoa Cookhouse,,https://www.google.com/maps/place/Samoa+Cookhouse/data=!4m2!3m1!1s0x54d1551005398b43:0xf05cd498a8017483,,,40.819725,-124.181625,,,,Restaurant
PHỞ HÀ NỘI SAN JOSE,Liem went here,https://www.google.com/maps/place/PH%E1%BB%9E+H%C3%80+N%E1%BB%98I+SAN+JOSE/data=!4m2!3m1!1s0x808e2d7e6e153ed9:0xdaf5915cd5ccf787,,Vietnamese,37.33247,-121.858354,,,,Restaurant
Bún Bò Huế An Nam,,https://www.google.com/maps/place/B%C3%BAn+B%C3%B2+Hu%E1%BA%BF+An+Nam/data=!4m2!3m1!1s0x808e332ac59a2b57:0x48b3e084b6cb02b3,,Vietnamese,37.328832,-121.858158,,,,Restaurant
EMA Karaoke & Bar,BDC had an event here,https://www.google.com/maps/place/EMA+Karaoke+%26+Bar/data=!4m2!3m1!1s0x808fca40288da347:0xa54b0a06f40ae9ae,,,37.3518,-121.9698,,,,Experience
The Bywater,,https://www.google.com/maps/place/The+Bywater/data=!4m2!3m1!1s0x808e35edac1881a1:0x321278bd8bc268a2,,,35.610848,-82.576716,,,,Restaurant
Peninsula Clock Shop,,https://www.google.com/maps/place/Peninsula+Clock+Shop/data=!4m2!3m1!1s0x808f9ef948d54dbf:0x1e87b41bfc90b8f6,,,37.5398,-122.3087,,,,Shop
Pedro Point,,https://www.google.com/maps/place/Pedro+Point/data=!4m2!3m1!1s0x808f7aa162e6b229:0x1d8e50229671105d,,,37.593615,-122.510192,,,,Restaurant
Richmond Night Market,,https://www.google.com/maps/place/Richmond+Night+Market/data=!4m2!3m1!1s0x548674de0c727dcd:0x45cd46cf17ae6630,,Market / Food Hall,49.193784,-123.133583,,,,Market
Granville Island Public Market,,https://www.google.com/maps/place/Granville+Island+Public+Market/data=!4m2!3m1!1s0x548673ce77bc7a1b:0x47a4150bc8697d20,,Market / Food Hall,49.272307,-123.134952,,,,Market
Fujisan Sushi,,https://www.google.com/maps/place/Fujisan+Sushi/data=!4m2!3m1!1s0x5485a3d247880bb7:0xed196a26b4d6c1aa,,Japanese,48.719997,-122.501687,,,,Restaurant
The Pancake Chef,,https://www.google.com/maps/place/The+Pancake+Chef/data=!4m2!3m1!1s0x54904339736b5cc1:0xe84070d1e980e066,,,47.466548,-122.289298,,,,Restaurant
Orchard Kitchen,,https://www.google.com/maps/place/Orchard+Kitchen/data=!4m2!3m1!1s0x548ffc741e5ea59f:0xdc9bf2ee984ffe7f,,,40.462851,-75.444121,,,,Restaurant
Kyosho,,https://www.google.com/maps/place/Kyosho/data=!4m2!3m1!1s0x808fa4ae337213dd:0x38de6df24b942514,,,37.453331,-122.182977,,,,Restaurant
Papa Joe's Jazz Bar,,https://www.google.com/maps/place/Papa+Joe's+Jazz+Bar/data=!4m2!3m1!1s0x47bf25b118a77d67:0xcf7c044a7b21f63d,,,50.9378561,6.9621259,,,,Bar
The Copper Pot - Köln,,https://www.google.com/maps/place/The+Copper+Pot+-+K%C3%B6ln/data=!4m2!3m1!1s0x47bf25b19e8e76c9:0xb56023701e0a2a4f,,,50.936682,6.959762,,,,Restaurant
The Palms,,https://www.google.com/maps/place/The+Palms/data=!4m2!3m1!1s0x808e35f073b3ffff:0xd5f75e5f4439330e,,,42.333467,-83.0345,,,,Restaurant
San Gregorio State Beach,,https://www.google.com/maps/place/San+Gregorio+State+Beach/data=!4m2!3m1!1s0x808f0887333a773b:0x933fefff1eaa2565,,,37.318894,-122.396337,,,,Park / Nature
Joshua Tree National Park,,https://www.google.com/maps/place/Joshua+Tree+National+Park/data=!4m2!3m1!1s0x80da8f85b965a87b:0x1977eda73aeb9de2,,,33.897067,-115.951116,,,,Park / Nature
"38°15'02.0""N 121°30'34.0""W",Chinese American town,"https://www.google.com/maps/search/38.250556,-121.509444",,Chinese,38.250586,-121.509487,,,,Restaurant
Bolinas Museum,,https://www.google.com/maps/place/Bolinas+Museum/data=!4m2!3m1!1s0x80859365378189b5:0xfeb1c901b17aa60e,,,37.910088,-122.684813,,,,Museum
Randy’s Donuts,,https://www.google.com/maps/place/Randy%E2%80%99s+Donuts/data=!4m2!3m1!1s0x80dcdf3706c39729:0xe748923521e18260,,Bakery,33.961852,-118.370379,,,,Bakery
Fairmount Park,,https://www.google.com/maps/place/Fairmount+Park/data=!4m2!3m1!1s0x89c6b903670f2153:0xd9f3bb51b044a47d,,,32.723375,-117.107629,,,,Park / Nature
Carolands Chateau,,https://www.google.com/maps/place/Carolands+Chateau/data=!4m2!3m1!1s0x808f75e2351b5f11:0x4a5734a7985915e9,,,37.555313,-122.371705,,,,Experience
Viaduc de Millau,,https://www.google.com/maps/place/Viaduc+de+Millau/data=!4m2!3m1!1s0x12b24a26901e27d1:0xd68c6a0fa2bec6e4,,,44.079977,3.022409,,,,Park / Nature
Hayward Japanese Gardens,,https://www.google.com/maps/place/Hayward+Japanese+Gardens/data=!4m2!3m1!1s0x808f93d42686624f:0x8ef547672c6242b9,,Japanese,37.67915,-122.079943,,,,Park / Nature
"South Parking Lot, Purisima Creek Redwoods","Hiking Dec 27, 2020","https://www.google.com/maps/place/South+Parking+Lot,+Purisima+Creek+Redwoods/data=!4m2!3m1!1s0x808fa0d7197f6535:0xc771b0402f5dde7d",,,37.3261,-122.3079,,,,Park / Nature
"Purisima Creek Trail, Higgins Road Trailhead",Hiking,"https://www.google.com/maps/place/Purisima+Creek+Trail,+Higgins+Road+Trailhead/data=!4m2!3m1!1s0x808f0a6461ecc281:0x5e701106af6dd2a8",,,37.4651,-122.4202,,,,Park / Nature
J V Fitzgerald Marine Reserve,Hiking,https://www.google.com/maps/place/J+V+Fitzgerald+Marine+Reserve/data=!4m2!3m1!1s0x808f71ed12147d11:0x5341f4fb95812297,,,37.5063,-122.5058,,,,Park / Nature
ROBOTSPEAk,,https://www.google.com/maps/place/ROBOTSPEAk/data=!4m2!3m1!1s0x808580a6ed55a7bb:0x445a45eb85f10ded,,,37.771835,-122.431797,,,,Shop
Point Bonita Lighthouse,,https://www.google.com/maps/place/Point+Bonita+Lighthouse/data=!4m2!3m1!1s0x808585fdbd694e49:0xf3cd0c79c28533b8,,,37.81559,-122.529548,,,,Restaurant
Fort Worth Water Gardens,Logan’s Run,https://www.google.com/maps/place/Fort+Worth+Water+Gardens/data=!4m2!3m1!1s0x864e713eaaaaaaab:0xb8f8cee540c9708b,,,32.747893,-97.32669,,,,Park / Nature
The Laslett,,https://www.google.com/maps/place/The+Laslett/data=!4m2!3m1!1s0x48760ffb80c7266b:0x1d9ef7efb1c2db6a,,,51.509808,-0.196831,,,,Restaurant
Farm House,,https://www.google.com/maps/place/Farm+House/data=!4m2!3m1!1s0x808f9f50f3dc6cdd:0xfd43589db8305463,,,53.250248,-0.374933,,,,Restaurant
Redwood Giganten,,https://www.google.com/maps/place/Redwood+Giganten/data=!4m2!3m1!1s0x54d46239bc321881:0x4320b0d8e82c3e4e,,,40.3081954,-123.9088866,,,,Park / Nature
Coquette,,https://www.google.com/maps/place/Coquette/data=!4m2!3m1!1s0x8620a42d1642d1f1:0xe82fe9a47dd0c5e5,,French,46.236793,-0.575774,,,,Restaurant
Mt Tamalpais,Drives,https://www.google.com/maps/place/Mt+Tamalpais/data=!4m2!3m1!1s0x808591171b36502f:0x64161469a5add222,,,37.88845,-122.533239,,,,Park / Nature
Las Trampas Regional Wilderness Park,Hiking,https://www.google.com/maps/place/Las+Trampas+Regional+Wilderness+Park/data=!4m2!3m1!1s0x808f8b81316b84ff:0xf2b339f95719ad3b,,,37.8013,-121.9896,,,,Park / Nature
Domaine Carneros,,https://www.google.com/maps/place/Domaine+Carneros/data=!4m2!3m1!1s0x808507f96658a06d:0x6ce36460ba5daa7,,Wine,38.2919,-122.258,,,,Winery
Kaita,,https://www.google.com/maps/place/Kaita/data=!4m2!3m1!1s0x808fcc84ef6df7cb:0xa102da2b251482f0,,Japanese,37.3493104,-121.8940744,,San Jose,CA,Restaurant
Marconi Automotive Museum,,https://www.google.com/maps/place/Marconi+Automotive+Museum/data=!4m2!3m1!1s0x80dcd9558bc93e7f:0x4040b36cf4726420,,,33.72096,-117.831391,,,,Museum
Mount Auburn Cemetery,,https://www.google.com/maps/place/Mount+Auburn+Cemetery/data=!4m2!3m1!1s0x89e37781c382fb8b:0x1cbffa1239f2d6f9,,,42.370697,-71.144012,,,,Park / Nature
Fairmount Dam,,https://www.google.com/maps/place/Fairmount+Dam/data=!4m2!3m1!1s0x89c6c7b162891c17:0x8893b931ae71c126,,,39.96727,-75.186446,,,,Park / Nature
Piper Down an Olde World Pub,,https://www.google.com/maps/place/Piper+Down+an+Olde+World+Pub/data=!4m2!3m1!1s0x8752f533a3780121:0xe36e6150d419ebd6,,,40.7445,-111.8887,,,,Bar
Fox & Kit,,https://www.google.com/maps/place/Fox+%26+Kit/data=!4m2!3m1!1s0x808599ecdbb637ff:0xf169807cd9b098e6,,,36.60929,-81.293431,,,,Restaurant
Audio High,,https://www.google.com/maps/place/Audio+High/data=!4m2!3m1!1s0x808fb73664f175b9:0x22d5cd2aa9708967,,,37.396141,-122.077054,,,,Shop
Wrecking Ball Coffee Roasters,,https://www.google.com/maps/place/Wrecking+Ball+Coffee+Roasters/data=!4m2!3m1!1s0x808580d06b09e6e7:0x168b00cb6d6daa2,,Café,37.796822,-122.436645,,,,Café / Coffee
Atelier Crenn,,https://www.google.com/maps/place/Atelier+Crenn/data=!4m2!3m1!1s0x808580d0840b55c7:0xa27a933534bd1a49,,French,37.7983315,-122.4359605,,San Francisco,CA,Restaurant
Rollo's Donuts,,https://www.google.com/maps/place/Rollo's+Donuts/data=!4m2!3m1!1s0x808fcc8e9324bda3:0x4512d40a9ea1be7b,,Bakery,37.3530998,-121.8860924,,San Jose,CA,Bakery
Sottomarino Winery,,https://www.google.com/maps/place/Sottomarino+Winery/data=!4m2!3m1!1s0x8085803029684caf:0x17f9d424d0361fa,,Wine,37.8074587,-122.4203545,,San Francisco,CA,Winery
CineLux Almaden Cinema,,https://www.google.com/maps/place/CineLux+Almaden+Cinema/data=!4m2!3m1!1s0x808e3373167a578b:0x7ea7e7e6da20865e,,,37.290369,-121.880292,,,,Experience
Bob's Donuts and Pastries,,https://www.google.com/maps/place/Bob's+Donuts+and+Pastries/data=!4m2!3m1!1s0x808580eb1f5de18f:0xd31cb7a2bea69e22,,Bakery,37.7943,-122.4218,,,,Bakery
Storm King Art Center,,https://www.google.com/maps/place/Storm+King+Art+Center/data=!4m2!3m1!1s0x89c2d2ce5f08e9d7:0x47b6c7bd16c4bfce,,,41.423464,-74.062558,,,,Museum
Brooklyn Fare,,https://www.google.com/maps/place/Brooklyn+Fare/data=!4m2!3m1!1s0x89c259ecdd5413f3:0x6e6eb436127d40c5,,,40.756141,-73.996504,,,,Restaurant
Whitney Museum of American Art,,https://www.google.com/maps/place/Whitney+Museum+of+American+Art/data=!4m2!3m1!1s0x89c25894ea097337:0xc63f52f9d53d7889,,American,40.739645,-74.008921,,,,Museum
Rosario's,,https://www.google.com/maps/place/Rosario's/data=!4m2!3m1!1s0x865c58a8b51cd211:0x8429ee4e02fb245e,,Italian,33.749,-117.8597,,,,Restaurant
"Alice's Tea Cup, Chapter 2",,"https://www.google.com/maps/place/Alice's+Tea+Cup,+Chapter+2/data=!4m2!3m1!1s0x89c258eed642040f:0xdab5005dadaa73b1",,,40.7651,-73.9658,,,,Restaurant
230 Fifth Rooftop Bar,,https://www.google.com/maps/place/230+Fifth+Rooftop+Bar/data=!4m2!3m1!1s0x89c259a665325aff:0x3ac777522187cfd5,,,40.743941,-73.988134,,,,Bar
The Cloisters,,https://www.google.com/maps/place/The+Cloisters/data=!4m2!3m1!1s0x89c2f40170f2a62b:0x9191e7fa95df29ad,,,40.864829,-73.931713,,,,Museum
Roosevelt House,,https://www.google.com/maps/place/Roosevelt+House/data=!4m2!3m1!1s0x89c258ee855ab6c3:0x6d1d61495d279807,,,40.726543,-73.849766,,,,Museum
Palm Springs Art Museum Architecture and Design Center,,https://www.google.com/maps/place/Palm+Springs+Art+Museum+Architecture+and+Design+Center/data=!4m2!3m1!1s0x80db1ba6592bf049:0x88d75f8f71b6d9c7,,,33.819168,-116.546488,,,,Museum
Palm Springs Art Museum,,https://www.google.com/maps/place/Palm+Springs+Art+Museum/data=!4m2!3m1!1s0x80db1baff3d4f261:0xf5b5f9b369a4fe85,,,33.824191,-116.549989,,,,Museum
Frank Lloyd Wright Spiral Interior,,https://www.google.com/maps/place/Frank+Lloyd+Wright+Spiral+Interior/data=!4m2!3m1!1s0x8085808920ee0681:0xb8919d992f7b2112,,,40.783,-73.959,,,,Museum
Ace Hotel Downtown Los Angeles,,https://www.google.com/maps/place/Ace+Hotel+Downtown+Los+Angeles/data=!4m2!3m1!1s0x80c2c7ca4b56f82f:0xcd769474522f98ce,,,34.04179,-118.256864,,,,Hotel
House of Genji,,https://www.google.com/maps/place/House+of+Genji/data=!4m2!3m1!1s0x808fcb85bc5ceb0f:0xf589ae7a9aefdfdf,,Japanese,37.3603362,-121.9089822,,San Jose,CA,Restaurant
Academic Coffee,,https://www.google.com/maps/place/Academic+Coffee/data=!4m2!3m1!1s0x808fccb728925b21:0x23fa8af46e1c653d,,Café,37.3291328,-121.8840982,,San Jose,CA,Café / Coffee
U.S. Navy Museum,,https://www.google.com/maps/place/U.S.+Navy+Museum/data=!4m2!3m1!1s0x89b7b9cfe8d421a3:0xed45f4530f36af31,,,38.873776,-76.995313,,,,Museum
Middleburg,,https://www.google.com/maps/place/Middleburg/data=!4m2!3m1!1s0x89b66d7bc9db6155:0xa0655e67dcfffa23,,,38.969019,-77.735506,,,,Restaurant
Yakitori Taisho,,https://www.google.com/maps/place/Yakitori+Taisho/data=!4m2!3m1!1s0x89c2599b8f3316a5:0x89833725e7e0c653,,Japanese,40.7294283,-73.9891322,,New York,NY,Restaurant
KENKA,,https://www.google.com/maps/place/KENKA/data=!4m2!3m1!1s0x89c2599c7be31789:0x10beb13b71abee3,,Japanese,40.7291,-73.9885,,New York,NY,Restaurant
340 W 50th St,,https://www.google.com/maps/place/340+W+50th+St/data=!4m2!3m1!1s0x89c259f154a161df:0xf17f06b34dcef630,,,40.762759,-73.987561,,,,Restaurant
Handcraft Coffee,,https://www.google.com/maps/place/Handcraft+Coffee/data=!4m2!3m1!1s0x89c258bfd620de41:0xf591d871e719dab5,,Café,40.7736,-73.9595,,New York,NY,Café / Coffee
Italian Cultural Institute,,https://www.google.com/maps/place/Italian+Cultural+Institute/data=!4m2!3m1!1s0x89c258ec73dbf4a9:0x90bd85a579ee7b58,,Italian,51.49964,-0.151849,,,,Museum
General Motors Heritage Center,,https://www.google.com/maps/place/General+Motors+Heritage+Center/data=!4m2!3m1!1s0x8824db7233c4ff53:0xc895de9002f09eb0,,,42.5748,-83.0248,,,,Museum
"Early To Rise, Scratch Made Brunch",,"https://www.google.com/maps?q=Early+To+Rise,+Scratch+Made+Brunch,+1801+McAllister+St,+San+Francisco,+CA+94115&ftid=0x8085812462b10ff3:0xcba731b9d6a6d184&entry=gps&shh=CAE&lucs=,94297699,94284463,94231188,94280568,47071704,94218641,94282134,94286869&g_ep=CAISEjI2LjExLjEuODgxMDA1NjQ2MBgAIIgnKkgsOTQyOTc2OTksOTQyODQ0NjMsOTQyMzExODgsOTQyODA1NjgsNDcwNzE3MDQsOTQyMTg2NDEsOTQyODIxMzQsOTQyODY4NjlCAlVT&skid=04796ced-3990-40fe-b6ee-19153ab0be57&g_st=ic",,Brunch Restaurant,37.787708,-122.273792,,San Francisco,CA,Restaurant